subject,speed_label,phase,angle_mean_deg,torque_mean_Nm,torque_sd_Nm
Barber,2msr,0.0,-25.87153333333333,4.885716666666666,0.6520749820551485
Barber,2msr,0.005,-25.619934166666663,5.045354020833332,0.5869708362476808
Barber,2msr,0.01,-25.368335000000002,5.204991375,0.5278111040607405
Barber,2msr,0.015,-25.173736750000003,5.339281229166666,0.48118389510690157
Barber,2msr,0.02,-25.0220115,5.453056916666667,0.44158655743881026
Barber,2msr,0.025,-24.87357072916667,5.5634775,0.4064341276130016
Barber,2msr,0.03,-24.79252870833334,5.643876791666667,0.37739399639169985
Barber,2msr,0.035,-24.7122591875,5.7242138958333335,0.35346071815293284
Barber,2msr,0.04,-24.62357466666667,5.784915833333334,0.3356602276061894
Barber,2msr,0.045,-24.52577202083333,5.834865729166666,0.32349744304679146
Barber,2msr,0.05,-24.425486875,5.8795270833333335,0.3180574335317859
Barber,2msr,0.055,-24.357420437499997,5.902851791666667,0.315228870164002
Barber,2msr,0.06,-24.290063583333335,5.926089833333332,0.31908483511542635
Barber,2msr,0.065,-24.19898164583333,5.934733833333333,0.3276501262059649
Barber,2msr,0.07,-24.114043374999998,5.938147333333334,0.3404452551406842
Barber,2msr,0.075,-24.081135104166666,5.936063958333332,0.35643718519326556
Barber,2msr,0.08,-24.16792083333333,5.9210856666666665,0.37392204451537153
Barber,2msr,0.085,-24.256975833333332,5.90566975,0.39407837935333373
Barber,2msr,0.09,-24.494398208333333,5.879524916666667,0.41232862962143807
Barber,2msr,0.095,-24.74197264583333,5.850852458333333,0.43184483807858964
Barber,2msr,0.1,-25.013945000000003,5.806459583333335,0.4738599806859192
Barber,2msr,0.105,-25.3862823125,5.743025812500001,0.5519427242940348
Barber,2msr,0.11,-25.771149124999997,5.677870916666667,0.6435612409358644
Barber,2msr,0.115,-26.04955435416667,5.584724541666667,0.7689627888904682
Barber,2msr,0.12,-26.263754000000002,5.4848805,0.9034142857746661
Barber,2msr,0.125,-26.4666515625,5.346325520833335,1.0504425651917653
Barber,2msr,0.13,-26.67563575,5.170926333333333,1.214995553055808
Barber,2msr,0.135,-26.85072839583334,4.991477979166666,1.3855655868736456
Barber,2msr,0.14,-26.969772916666667,4.787652166666667,1.538970964754254
Barber,2msr,0.145,-27.07058058333334,4.581203041666667,1.697639845295483
Barber,2msr,0.15,-27.111740833333332,4.402861041666667,1.7890356554486617
Barber,2msr,0.155,-27.081924270833337,4.235334395833334,1.862518157076512
Barber,2msr,0.16,-27.014393666666674,4.083927500000001,1.9117376613243118
Barber,2msr,0.165,-26.838360041666665,3.9289589791666657,1.8950590381110899
Barber,2msr,0.17,-26.635371749999994,3.7685229166666656,1.8750661108300712
Barber,2msr,0.17500000000000002,-26.3886259375,3.567678749999999,1.7994253608933157
Barber,2msr,0.18,-26.14999708333333,3.3576692499999994,1.7071199367906964
Barber,2msr,0.185,-25.86283145833333,3.152013479166666,1.6163873942638802
Barber,2msr,0.19,-25.448436583333333,2.9657485,1.534616517243179
Barber,2msr,0.195,-24.975593812499998,2.7792454166666665,1.44575203584331
Barber,2msr,0.2,-24.54310166666666,2.6028858333333322,1.3544309716073775
Barber,2msr,0.20500000000000002,-24.10488127083333,2.4354989375,1.2650397682549126
Barber,2msr,0.21,-23.668346208333336,2.277784625,1.1836625117002597
Barber,2msr,0.215,-23.15063139583333,2.1341740208333335,1.1079143720621294
Barber,2msr,0.22,-22.588399833333327,1.995613333333333,1.0351605549922624
Barber,2msr,0.225,-22.024023020833337,1.8688719791666666,0.9694674445958662
Barber,2msr,0.23,-21.474506875,1.7486408749999995,0.9057180621386045
Barber,2msr,0.23500000000000001,-20.943547687499997,1.6357359166666663,0.8474615843202429
Barber,2msr,0.24,-20.40069366666667,1.5319836666666669,0.7927748231857658
Barber,2msr,0.245,-19.811282479166668,1.4329723958333334,0.7412226907471585
Barber,2msr,0.25,-19.17576666666666,1.3418041666666667,0.6939211729393132
Barber,2msr,0.255,-18.535359708333328,1.2554550416666663,0.6484624769189603
Barber,2msr,0.26,-17.90464258333333,1.1746354166666666,0.606760368191452
Barber,2msr,0.265,-17.272778145833332,1.0996690625,0.5672677891939263
Barber,2msr,0.27,-16.601563124999995,1.0289186249999998,0.5307220449613754
Barber,2msr,0.275,-15.872496666666661,0.9633368749999995,0.49666964258472074
Barber,2msr,0.28,-15.094966833333329,0.9013193333333329,0.4642526045601562
Barber,2msr,0.28500000000000003,-14.388664729166662,0.8434688749999993,0.43440972240957426
Barber,2msr,0.29,-13.714078999999998,0.7896165416666666,0.4062127174618592
Barber,2msr,0.295,-12.911412562500002,0.7387644583333334,0.3800018870824009
Barber,2msr,0.3,-12.044897916666669,0.6915895833333335,0.35549077357318254
Barber,2msr,0.305,-11.216885666666668,0.6470964375,0.33239517977057803
Barber,2msr,0.31,-10.55331975,0.6056542916666666,0.31101223250976257
Barber,2msr,0.315,-9.92876625,0.5669908749999999,0.29089244429915767
Barber,2msr,0.32,-9.307400666666664,0.5304204999999999,0.2720769173262406
Barber,2msr,0.325,-8.594709687499998,0.49648093749999994,0.2544374430604747
Barber,2msr,0.33,-7.892720541666666,0.4646793749999998,0.23805748915804842
Barber,2msr,0.335,-7.211645895833331,0.4348652499999997,0.22266273645457035
Barber,2msr,0.34,-6.5329825833333315,0.4071056666666666,0.20830690368753713
Barber,2msr,0.34500000000000003,-5.8574012916666645,0.3808090624999998,0.19480269314661217
Barber,2msr,0.35000000000000003,-5.276089166666663,0.35649812499999983,0.18221085198434078
Barber,2msr,0.355,-4.763538604166667,0.3336779375000001,0.17049993950795073
Barber,2msr,0.36,-4.196519,0.3122283333333334,0.15941587771576862
Barber,2msr,0.365,-3.5685498958333333,0.29229704166666665,0.14916698590700825
Barber,2msr,0.37,-2.9631869583333326,0.27339112499999996,0.1394712005308839
Barber,2msr,0.375,-2.323518229166666,0.2560151041666667,0.13051123689344873
Barber,2msr,0.38,-1.7883839166666655,0.23961583333333328,0.1220689417077042
Barber,2msr,0.385,-1.3425583958333325,0.22421589583333335,0.11400601510364294
Barber,2msr,0.39,-0.9712844583333325,0.20993687499999994,0.1066069849393527
Barber,2msr,0.395,-0.578639270833332,0.21341922916666664,0.09018266831259057
Barber,2msr,0.4,-0.21882749999999893,0.21895499999999998,0.14304841933764945
Barber,2msr,0.405,0.10653520833333503,0.2266693541666666,0.2105148419460056
Barber,2msr,0.41000000000000003,0.4238679583333358,0.236653875,0.2772446138671762
Barber,2msr,0.41500000000000004,0.7298502291666696,0.24862760416666696,0.34584789937102994
Barber,2msr,0.42,1.0246762499999997,0.27506475,0.39844209548432186
Barber,2msr,0.425,1.226131458333333,0.30299062500000007,0.4679160349926632
Barber,2msr,0.43,1.384258,0.3135590833333333,0.4977494770933899
Barber,2msr,0.435,1.5320706458333333,0.31641514583333336,0.506734295090005
Barber,2msr,0.44,1.6710485000000002,0.3263668333333334,0.5119434812118477
Barber,2msr,0.445,1.792167958333333,0.3242394791666667,0.4814202556410451
Barber,2msr,0.45,1.874277291666667,0.3266404166666667,0.4614086533330946
Barber,2msr,0.455,1.9283094791666666,0.3229715416666667,0.4574144222965812
Barber,2msr,0.46,1.939474249999999,0.3162143333333333,0.45049215549761673
Barber,2msr,0.465,1.9084374791666663,0.30349775,0.4287605825312071
Barber,2msr,0.47000000000000003,1.8504000833333325,0.2911737499999999,0.41024839419797937
Barber,2msr,0.47500000000000003,1.7538847916666658,0.27233645833333314,0.38336221658729913
Barber,2msr,0.48,1.6201611666666669,0.25505049999999996,0.35894398781019216
Barber,2msr,0.485,1.4657808541666661,0.23862402083333337,0.3356119655705293
Barber,2msr,0.49,1.2918792916666666,0.22322687499999996,0.31381563998552725
Barber,2msr,0.495,1.0920021874999994,0.20885535416666665,0.29356785361651905
Barber,2msr,0.5,0.8509895833333333,0.1952104166666667,0.2741447617816659
Barber,2msr,0.505,0.593111729166667,0.18282260416666665,0.2567606379541142
Barber,2msr,0.51,0.3199909999999996,0.17104629166666666,0.24007749306603743
Barber,2msr,0.515,0.027241833333332244,0.1518016458333333,0.2322188150681503
Barber,2msr,0.52,-0.2824905000000014,0.12573249999999997,0.24782689746491066
Barber,2msr,0.525,-0.6070722916666674,0.09700208333333334,0.2857115952034159
Barber,2msr,0.53,-0.957325916666667,0.05485916666666663,0.3719854789411215
Barber,2msr,0.535,-1.341468958333335,-0.05131233333333377,0.5085095836940762
Barber,2msr,0.54,-1.7297981666666693,-0.1797813333333342,0.6757353683444113
Barber,2msr,0.545,-2.1221410208333364,-0.3454407500000021,0.8566492169186009
Barber,2msr,0.55,-2.551036458333336,-0.5804654166666682,1.0363473395485763
Barber,2msr,0.555,-2.9956085416666682,-0.8791670416666683,1.2087476891169655
Barber,2msr,0.56,-3.4207505000000022,-1.2235558333333352,1.3778564731168395
Barber,2msr,0.5650000000000001,-3.8119983541666707,-1.6170843125000038,1.50708256282334
Barber,2msr,0.5700000000000001,-4.213492708333339,-2.07117820833334,1.596026297765172
Barber,2msr,0.5750000000000001,-4.663198854166676,-2.5710515625000094,1.6627323316190625
Barber,2msr,0.58,-5.1477101666666645,-3.08347608333333,1.7347117534655405
Barber,2msr,0.585,-5.609175624999998,-3.5835459999999983,1.8124002190510489
Barber,2msr,0.59,-6.0536129166666655,-4.093862999999999,1.887578166488521
Barber,2msr,0.595,-6.500907854166665,-4.611105645833332,1.9381392475697559
Barber,2msr,0.6,-6.942099166666664,-5.148318333333331,1.9312677613070355
Barber,2msr,0.605,-7.389280874999996,-5.691955354166663,1.8902688124089349
Barber,2msr,0.61,-7.975352499999999,-6.225421791666665,1.8460102894535821
Barber,2msr,0.615,-8.585323937500002,-6.745745791666668,1.7996355020658925
Barber,2msr,0.62,-9.253626083333335,-7.254661416666668,1.752200714030262
Barber,2msr,0.625,-9.882912499999998,-7.744294791666666,1.6975778156674617
Barber,2msr,0.63,-10.451834499999999,-8.213036291666665,1.6410865889432193
Barber,2msr,0.635,-10.935342833333337,-8.659283104166668,1.5852765272576523
Barber,2msr,0.64,-11.487185000000002,-9.083006000000003,1.5272098408273826
Barber,2msr,0.645,-12.119626208333337,-9.487639687500002,1.4671313457907107
Barber,2msr,0.65,-12.940796875000004,-9.869391875000002,1.4016361239970092
Barber,2msr,0.655,-13.8417854375,-10.2340565,1.3354185200479052
Barber,2msr,0.66,-14.717549500000002,-10.579458083333334,1.2674939610758806
Barber,2msr,0.665,-15.440905312500005,-10.907718958333335,1.1978380559095214
Barber,2msr,0.67,-16.182817125000007,-11.215478416666665,1.1389150400874912
Barber,2msr,0.675,-17.11303302083334,-11.491780520833338,1.096950461052181
Barber,2msr,0.68,-18.12404050000001,-11.750383,1.0598482983844113
Barber,2msr,0.685,-19.114638875000008,-11.987646833333336,1.024948238667808
Barber,2msr,0.6900000000000001,-20.00601416666668,-12.205553916666672,0.9904625420591341
Barber,2msr,0.6950000000000001,-20.79789285416668,-12.406265791666671,0.9604241703401578
Barber,2msr,0.7000000000000001,-21.718222500000014,-12.581786250000002,0.9310128350565865
Barber,2msr,0.705,-22.728872062499992,-12.741506375,0.9054533968320125
Barber,2msr,0.71,-23.803049666666663,-12.878896791666667,0.8828661210139194
Barber,2msr,0.715,-24.709526520833325,-12.999093708333334,0.8636945833295051
Barber,2msr,0.72,-25.480950333333336,-13.100860666666668,0.8478731056549021
Barber,2msr,0.725,-26.320203333333335,-13.181548541666665,0.8353016076309768
Barber,2msr,0.73,-27.160634416666667,-13.248663,0.8258291102497642
Barber,2msr,0.735,-27.908693895833334,-13.295665125,0.8188452421643116
Barber,2msr,0.74,-28.570865583333326,-13.329040500000003,0.816337393038003
Barber,2msr,0.745,-29.229659062500005,-13.345069604166666,0.8149193299702785
Barber,2msr,0.75,-29.91639375,-13.354302083333335,0.7958807652504609
Barber,2msr,0.755,-30.61343310416667,-13.363911062499996,0.7612886645067871
Barber,2msr,0.76,-31.316001833333342,-13.357756833333333,0.7261042492626701
Barber,2msr,0.765,-31.95278389583334,-13.332628062499998,0.729024309232814
Barber,2msr,0.77,-32.4988715,-13.289190791666668,0.7526438783119245
Barber,2msr,0.775,-33.044005937499996,-13.227650937500002,0.7928068253015321
Barber,2msr,0.78,-33.57352000000001,-13.148213666666665,0.8290516202685385
Barber,2msr,0.785,-34.05860650000001,-13.041916333333335,0.8593733131480371
Barber,2msr,0.79,-34.54256850000001,-12.926721166666667,0.8955241551934201
Barber,2msr,0.795,-35.03569585416667,-12.79980827083333,0.9301209668662279
Barber,2msr,0.8,-35.4497325,-12.673430000000002,0.9567257562123019
Barber,2msr,0.805,-35.79963070833334,-12.545305437499998,0.9801826897937755
Barber,2msr,0.81,-36.05913770833334,-12.391479875,0.9885988337055346
Barber,2msr,0.8150000000000001,-36.31031243750001,-12.23455779166666,1.0040720241208623
Barber,2msr,0.8200000000000001,-36.493717666666676,-12.070212666666663,1.0455997780465007
Barber,2msr,0.8250000000000001,-36.666663958333324,-11.894366979166664,1.1173731314052846
Barber,2msr,0.8300000000000001,-36.84522791666667,-11.70688095833333,1.1929763916741858
Barber,2msr,0.835,-36.96862264583333,-11.49486291666667,1.2953066040858146
Barber,2msr,0.84,-37.04718449999999,-11.268993666666667,1.4165400842931413
Barber,2msr,0.845,-37.05981472916668,-10.956419729166669,1.5706941301776944
Barber,2msr,0.85,-37.06157520833334,-10.620692291666668,1.743723268903222
Barber,2msr,0.855,-37.02096395833333,-10.244868270833335,1.9234348684774742
Barber,2msr,0.86,-36.930532083333325,-9.817025583333333,2.1077308383902644
Barber,2msr,0.865,-36.82590425,-9.3723895,2.2853601087171054
Barber,2msr,0.87,-36.633663125,-8.882229291666667,2.4253292177327097
Barber,2msr,0.875,-36.4100546875,-8.380076041666667,2.5590397679285997
Barber,2msr,0.88,-36.11165199999999,-7.811068166666665,2.618330550447615
Barber,2msr,0.885,-35.749589937500005,-7.205448833333329,2.6300178749927356
Barber,2msr,0.89,-35.42103399999999,-6.599829499999995,2.641934824495566
Barber,2msr,0.895,-35.132136687499994,-5.988854166666663,2.644500341428598
Barber,2msr,0.9,-34.844205416666675,-5.377604166666665,2.6465993202723324
Barber,2msr,0.905,-34.41360564583332,-4.76771020833333,2.6467909882182794
Barber,2msr,0.91,-33.92956170833333,-4.1613537499999955,2.6420775344158813
Barber,2msr,0.915,-33.4723253125,-3.555645041666661,2.6361836600839843
Barber,2msr,0.92,-33.11528366666666,-2.9614066666666616,2.609203106886767
Barber,2msr,0.925,-32.7603490625,-2.3676671874999964,2.582481621726849
Barber,2msr,0.93,-32.323157291666654,-1.7774072083333283,2.5507066689329934
Barber,2msr,0.935,-31.851306770833318,-1.1897209791666579,2.5164456688056247
Barber,2msr,0.9400000000000001,-31.39712233333333,-0.607060333333323,2.479786839836954
Barber,2msr,0.9450000000000001,-30.97739512499999,-0.049592458333323236,2.4186165657353915
Barber,2msr,0.9500000000000001,-30.55226645833332,0.5078754166666769,2.3602014672321556
Barber,2msr,0.9550000000000001,-30.00534918749999,1.0015167708333428,2.2568840749793475
Barber,2msr,0.96,-29.417050666666672,1.4763283333333324,2.142079851625492
Barber,2msr,0.965,-28.865569499999996,1.9254494374999995,2.013602156190287
Barber,2msr,0.97,-28.410318500000002,2.332825708333332,1.8585106794595971
Barber,2msr,0.975,-27.956423645833336,2.740201979166665,1.7057150030626176
Barber,2msr,0.98,-27.596668833333343,3.111654583333333,1.5363622646391575
Barber,2msr,0.985,-27.241263083333337,3.479849270833334,1.369626972169034
Barber,2msr,0.99,-26.907024916666668,3.8104728750000008,1.2134611011809808
Barber,2msr,0.995,-26.604202041666667,4.097494770833335,1.065805864685155
Barber,2msr,1.0,-26.301379166666667,4.384516666666667,0.9222069004416645
Barber,35msr,0.0,-26.74813478260869,-1.645721739130435,1.7886606978787525
Barber,35msr,0.005,-26.66665495652174,-1.1047434782608696,1.7868300913911612
Barber,35msr,0.01,-26.58517513043478,-0.5637652173913044,1.7850285837703344
Barber,35msr,0.015,-26.518810434782605,-0.022786956521739014,1.7832562632063431
Barber,35msr,0.02,-26.49969217391304,0.5181913043478261,1.781513216808541
Barber,35msr,0.025,-26.480573913043482,1.0591695652173916,1.7797995305858814
Barber,35msr,0.03,-26.50715060869565,1.600147826086957,1.7781152894273404
Barber,35msr,0.035,-26.58854817391304,2.1411260869565223,1.7764605770824655
Barber,35msr,0.04,-26.669945739130434,2.682104347826087,1.7748354761420566
Barber,35msr,0.045,-26.768964391304348,3.223082608695652,1.773240068018986
Barber,35msr,0.05,-26.86999956521739,3.764060869565218,1.7716744329291698
Barber,35msr,0.055,-26.970619608695653,4.305039130434782,1.7701386498727034
Barber,35msr,0.06,-27.086104347826083,4.839564347826086,1.7524582733873306
Barber,35msr,0.065,-27.203511956521744,5.369249782608696,1.723717403715181
Barber,35msr,0.07,-27.300608000000008,5.897469652173913,1.6936128174560314
Barber,35msr,0.075,-27.270942934782614,6.394631195652174,1.6060382975328826
Barber,35msr,0.08,-27.230627826086955,6.887179652173915,1.5147457731146088
Barber,35msr,0.085,-27.125159217391303,7.366392500000002,1.4119401461951515
Barber,35msr,0.09,-26.927946869565215,7.8079928260869575,1.2651475788820108
Barber,35msr,0.095,-26.73639506521739,8.249432282608696,1.1361660132778058
Barber,35msr,0.1,-26.519216521739132,8.646662608695653,0.9852617767451113
Barber,35msr,0.105,-26.278753434782605,9.012085739130432,0.8352463723511903
Barber,35msr,0.11,-26.026911956521744,9.35522534782609,0.7107395523928706
Barber,35msr,0.115,-25.73821806521739,9.536069739130436,0.540066022614644
Barber,35msr,0.12,-25.474476695652175,9.69226747826087,0.4203687554257126
Barber,35msr,0.125,-25.139086956521737,9.829289130434784,0.39936868004294446
Barber,35msr,0.13,-24.66751952173913,9.810296478260872,0.37946113166205786
Barber,35msr,0.135,-24.189921108695646,9.785777739130436,0.4015389709858126
Barber,35msr,0.14,-23.69814382608696,9.750060956521741,0.44522342152183214
Barber,35msr,0.145,-23.105286630434787,9.678018586956522,0.48063203682351724
Barber,35msr,0.15,-22.480479347826087,9.594214130434782,0.5032391230809108
Barber,35msr,0.155,-21.892702217391307,9.499075695652175,0.5243521649635812
Barber,35msr,0.16,-21.326159652173914,9.39299704347826,0.5464640458870641
Barber,35msr,0.165,-20.778575130434785,9.27232645652174,0.5725008787370498
Barber,35msr,0.17,-20.30221260869565,9.120159347826087,0.6294621468104209
Barber,35msr,0.17500000000000002,-19.845454347826088,8.938033152173913,0.7367245054252917
Barber,35msr,0.18,-19.407494521739125,8.748574347826088,0.8534178733598011
Barber,35msr,0.185,-18.981011999999996,8.49123758695652,0.9517122706767347
Barber,35msr,0.19,-18.523423217391304,8.230757304347827,1.0485842124459153
Barber,35msr,0.195,-18.010564978260874,7.933519217391302,1.1335981713695498
Barber,35msr,0.2,-17.43068,7.555939130434783,1.1489884301302415
Barber,35msr,0.20500000000000002,-16.845232869565216,7.167568260869565,1.1351977721417652
Barber,35msr,0.21,-16.278545652173918,6.775978130434784,1.0957902136536306
Barber,35msr,0.215,-15.728241891304346,6.396916391304346,1.0347447233146858
Barber,35msr,0.22,-15.169975739130438,6.026356347826086,0.9736699485696907
Barber,35msr,0.225,-14.522247065217387,5.686196739130433,0.9215028383553547
Barber,35msr,0.23,-13.844532478260863,5.36532704347826,0.8683236988189156
Barber,35msr,0.23500000000000001,-13.142583565217384,5.053275999999998,0.8179098663961003
Barber,35msr,0.24,-12.290344869565217,4.770753217391304,0.7744780120258814
Barber,35msr,0.245,-11.418526782608696,4.499178565217392,0.7286885422249627
Barber,35msr,0.25,-10.58473152173913,4.236497826086957,0.6870986366328093
Barber,35msr,0.255,-9.740583652173912,4.00253406521739,0.650181674760071
Barber,35msr,0.26,-8.82348469565217,3.7721513913043476,0.6115671566511827
Barber,35msr,0.265,-7.827681304347824,3.555733391304347,0.5780553107895277
Barber,35msr,0.27,-6.819850173913039,3.3574332173913035,0.5458365443427942
Barber,35msr,0.275,-5.854225434782605,3.1634569565217383,0.51392236790716
Barber,35msr,0.28,-5.013521913043475,2.9838791304347816,0.48636695876041197
Barber,35msr,0.28500000000000003,-4.32860367391304,2.815813347826086,0.4582610681941981
Barber,35msr,0.29,-3.675699739130438,2.6528428260869577,0.4320384801796825
Barber,35msr,0.295,-2.797614152173918,2.5038624130434783,0.40884370406044174
Barber,35msr,0.3,-1.7792721739130484,2.3611400000000002,0.3847589570333501
Barber,35msr,0.305,-0.7383407391304389,2.224226565217392,0.3632262148352297
Barber,35msr,0.31,0.06401999999999992,2.1007229565217393,0.3436682343667178
Barber,35msr,0.315,0.8363721739130454,1.979750304347826,0.3232176888319784
Barber,35msr,0.32,1.7266316521739176,1.865739999999999,0.3056138949538609
Barber,35msr,0.325,2.6344548913043524,1.7622766304347817,0.2887670091448111
Barber,35msr,0.33,3.5176617391304394,1.6605606956521735,0.27189426398245237
Barber,35msr,0.335,4.287068217391309,1.565948739130434,0.257095775913411
Barber,35msr,0.34,4.952342347826091,1.4781024347826077,0.24266024982944603
Barber,35msr,0.34500000000000003,5.591172934782614,1.3926526739130427,0.228751589731782
Barber,35msr,0.35000000000000003,6.266293913043484,1.314154130434782,0.21628532098903702
Barber,35msr,0.355,6.963193391304347,1.23955847826087,0.20392301584088254
Barber,35msr,0.36,7.626811826086955,1.1677895652173915,0.19246805851041227
Barber,35msr,0.365,8.301085173913043,1.1042656304347824,0.18194199620078497
Barber,35msr,0.37,9.035878565217391,1.0430037391304352,0.17183591499962403
Barber,35msr,0.375,9.692194565217392,0.984775,0.16319800748397367
Barber,35msr,0.38,10.140932000000001,0.9317319999999999,0.15541681355408218
Barber,35msr,0.385,10.56233195652174,0.8795088478260868,0.14765844344712173
Barber,35msr,0.39,11.033717130434786,0.8302486086956521,0.14055789278930095
Barber,35msr,0.395,11.489875195652175,0.7839000434782607,0.1329897736277618
Barber,35msr,0.4,11.880983478260871,0.7386504347826083,0.12532989287331672
Barber,35msr,0.405,12.14888745652174,0.6968611304347825,0.11837276076402048
Barber,35msr,0.41000000000000003,12.342493608695653,0.6574727391304347,0.11188065125613617
Barber,35msr,0.41500000000000004,12.544867456521743,0.6194901304347824,0.10539060394636056
Barber,35msr,0.42,12.68830304347826,0.5847506086956524,0.09967250110573615
Barber,35msr,0.425,12.79718847826087,0.5513735869565218,0.09413662434954434
Barber,35msr,0.43,12.839617652173914,0.5194342608695652,0.0886262357358957
Barber,35msr,0.435,12.848096304347825,0.4905826086956522,0.08393444403559407
Barber,35msr,0.44,12.849323304347825,0.4625031304347825,0.07925238471315618
Barber,35msr,0.445,12.821596847826086,0.4357429782608694,0.07460067628386752
Barber,35msr,0.45,12.714646739130433,0.41151239130434764,0.07069005295423791
Barber,35msr,0.455,12.579998,0.387934608695652,0.06665472863488647
Barber,35msr,0.46,12.383168347826084,0.36572730434782585,0.0628574986003951
Barber,35msr,0.465,12.11732063043478,0.3451299565217389,0.05953089833291779
Barber,35msr,0.47000000000000003,11.843879173913042,0.32531969565217383,0.056054110713344575
Barber,35msr,0.47500000000000003,11.568706413043477,0.30687684782608676,0.05299105350668715
Barber,35msr,0.48,11.289024869565216,0.28936660869565217,0.0502875886163463
Barber,35msr,0.485,11.018102891304347,0.27219723913043475,0.04802631667182465
Barber,35msr,0.49,10.701071173913043,0.23776647826086963,0.1048557093371521
Barber,35msr,0.495,10.338138695652175,0.17505510869565227,0.2099314099972507
Barber,35msr,0.5,9.912404347826087,0.06892826086956537,0.380765975378146
Barber,35msr,0.505,9.478633173913044,-0.12713654347826117,0.5617573716130733
Barber,35msr,0.51,9.03682504347826,-0.339572347826088,0.766264128058455
Barber,35msr,0.515,8.597769869565212,-0.5929842608695687,0.964431700399255
Barber,35msr,0.52,8.196768521739127,-0.9638645217391335,1.1106546080266633
Barber,35msr,0.525,7.819236086956521,-1.386517282608698,1.227806072233978
Barber,35msr,0.53,7.406899043478259,-1.8613263913043503,1.3008189104546464
Barber,35msr,0.535,6.939137456521735,-2.3946718260869604,1.3092900710930817
Barber,35msr,0.54,6.456583913043472,-2.9353777391304403,1.3095637666421664
Barber,35msr,0.545,5.926086195652168,-3.4762652173913104,1.3096301560924333
Barber,35msr,0.55,5.371985869565211,-4.017243478260875,1.3096134702987372
Barber,35msr,0.555,4.828049021739128,-4.558221739130438,1.3096390050088051
Barber,35msr,0.56,4.344752521739126,-5.099200000000005,1.30970675775318
Barber,35msr,0.5650000000000001,3.889942021739125,-5.640178260869571,1.3098167219804389
Barber,35msr,0.5700000000000001,3.4120892608695557,-6.181156521739141,1.3099688870603612
Barber,35msr,0.5750000000000001,2.8956996739130365,-6.722134782608704,1.3101632382890624
Barber,35msr,0.58,2.4111095652173966,-7.263113043478256,1.3103997568960952
Barber,35msr,0.585,1.9194558260869636,-7.804091304347819,1.3106784200535049
Barber,35msr,0.59,1.32456869565218,-8.345069565217388,1.3109992008868268
Barber,35msr,0.595,0.6334943043478294,-8.886047826086953,1.3113620684880236
Barber,35msr,0.6,-0.02928347826086815,-9.427026086956518,1.3117669879303333
Barber,35msr,0.605,-0.712301521739128,-9.968004347826085,1.3122139202850254
Barber,35msr,0.61,-1.3974930434782562,-10.50898260869565,1.3127028226400335
Barber,35msr,0.615,-2.1034817608695606,-11.049960869565211,1.3132336481204585
Barber,35msr,0.62,-2.767000869565216,-11.590939130434782,1.313806345910906
Barber,35msr,0.625,-3.493366304347827,-12.131917391304349,1.3144208612796386
Barber,35msr,0.63,-4.333718173913047,-12.653088913043481,1.27968606383172
Barber,35msr,0.635,-5.142254847826092,-13.129729456521742,1.1794270284678652
Barber,35msr,0.64,-5.932119130434791,-13.574624521739134,1.0518310077268704
Barber,35msr,0.645,-6.873120630434789,-13.954653869565218,0.8667327784488202
Barber,35msr,0.65,-7.860291304347828,-14.31190695652174,0.6757015109768425
Barber,35msr,0.655,-8.784639065217396,-14.605975652173914,0.49137831834569945
Barber,35msr,0.66,-9.524651652173919,-14.782475130434786,0.3019055410046819
Barber,35msr,0.665,-10.23847547826088,-14.920441608695652,0.11926069810238427
Barber,35msr,0.67,-11.117649652173922,-14.982585826086956,0.041565376187662345
Barber,35msr,0.675,-12.22049543478262,-14.993264347826086,0.021352086920931237
Barber,35msr,0.68,-13.346147826086964,-14.999326434782608,0.0021352086920932017
Barber,35msr,0.685,-14.514679586956536,-15.0,0.0
Barber,35msr,0.6900000000000001,-15.615409000000014,-15.0,0.0
Barber,35msr,0.6950000000000001,-16.705227434782625,-15.0,0.0
Barber,35msr,0.7000000000000001,-17.732347826086972,-15.0,0.0
Barber,35msr,0.705,-18.907708195652166,-15.0,0.0
Barber,35msr,0.71,-20.012111173913034,-15.0,0.0
Barber,35msr,0.715,-20.955221282608694,-15.0,0.0
Barber,35msr,0.72,-21.764039130434774,-15.0,0.0
Barber,35msr,0.725,-22.665915869565218,-15.0,0.0
Barber,35msr,0.73,-23.710206478260865,-15.0,0.0
Barber,35msr,0.735,-24.736540978260866,-15.0,0.0
Barber,35msr,0.74,-25.815170869565222,-15.0,0.0
Barber,35msr,0.745,-26.774081195652176,-15.0,0.0
Barber,35msr,0.75,-27.822041304347824,-15.0,0.0
Barber,35msr,0.755,-28.645996000000004,-15.0,0.0
Barber,35msr,0.76,-29.452087652173923,-15.0,0.0
Barber,35msr,0.765,-30.206185217391308,-15.0,0.0
Barber,35msr,0.77,-30.906554043478273,-15.0,0.0
Barber,35msr,0.775,-31.624650978260867,-15.0,0.0
Barber,35msr,0.78,-32.337805478260876,-15.0,0.0
Barber,35msr,0.785,-33.01150747826088,-15.0,0.0
Barber,35msr,0.79,-33.63992586956523,-15.0,0.0
Barber,35msr,0.795,-34.1672202826087,-15.0,0.0
Barber,35msr,0.8,-34.624520000000004,-15.0,0.0
Barber,35msr,0.805,-35.12199560869566,-15.0,0.0
Barber,35msr,0.81,-35.48931626086957,-15.0,0.0
Barber,35msr,0.8150000000000001,-35.83689384782608,-15.0,0.0
Barber,35msr,0.8200000000000001,-36.11357052173913,-15.0,0.0
Barber,35msr,0.8250000000000001,-36.311161195652176,-15.0,0.0
Barber,35msr,0.8300000000000001,-36.47418426086956,-15.0,0.0
Barber,35msr,0.835,-36.62488165217392,-15.0,0.0
Barber,35msr,0.84,-36.717859130434775,-15.0,0.0
Barber,35msr,0.845,-36.80185336956521,-14.999514130434784,0.0022789302659141503
Barber,35msr,0.85,-36.835262173913044,-14.998884130434783,0.004577225914234773
Barber,35msr,0.855,-36.815138326086945,-14.989355891304347,0.044414307116149195
Barber,35msr,0.86,-36.786902173913035,-14.963847217391306,0.15889575922842777
Barber,35msr,0.865,-36.69399534782608,-14.916923630434782,0.27743227557393996
Barber,35msr,0.87,-36.583831913043475,-14.842150130434781,0.43089090075576336
Barber,35msr,0.875,-36.45975652173913,-14.7577625,0.59663965737058
Barber,35msr,0.88,-36.17439199999999,-14.61930295652174,0.7722118742239577
Barber,35msr,0.885,-35.84146932608696,-14.479985804347823,0.9650294505904405
Barber,35msr,0.89,-35.49965673913043,-14.291694999999997,1.153257840250487
Barber,35msr,0.895,-35.10731149999999,-13.969854608695648,1.3008890243014501
Barber,35msr,0.9,-34.741338695652175,-13.64608782608696,1.4684663157805955
Barber,35msr,0.905,-34.37774239130435,-13.243106304347819,1.5871315206957064
Barber,35msr,0.91,-34.05357826086957,-12.72668217391304,1.6160617537781985
Barber,35msr,0.915,-33.722010434782604,-12.208528478260865,1.6459148081446682
Barber,35msr,0.92,-33.33324852173912,-11.671969565217386,1.6545730799513838
Barber,35msr,0.925,-32.8992604347826,-11.13099130434782,1.6578635234943437
Barber,35msr,0.93,-32.474085173913046,-10.590013043478256,1.6611807349526109
Barber,35msr,0.935,-32.058585478260866,-10.049034782608691,1.664524554289798
Barber,35msr,0.9400000000000001,-31.661990608695646,-9.508056521739123,1.6678948214743474
Barber,35msr,0.9450000000000001,-31.241056434782596,-8.967078260869554,1.671291376504882
Barber,35msr,0.9500000000000001,-30.749543695652168,-8.426099999999993,1.6747140594350929
Barber,35msr,0.9550000000000001,-30.253869326086953,-7.885121739130427,1.678162710398158
Barber,35msr,0.96,-29.80105234782609,-7.344143478260874,1.6816371696307022
Barber,35msr,0.965,-29.425050695652175,-6.803165217391308,1.6851372774962765
Barber,35msr,0.97,-29.049049043478263,-6.262186956521741,1.6886628745083814
Barber,35msr,0.975,-28.704894565217398,-5.721208695652176,1.6922138013530088
Barber,35msr,0.98,-28.387580869565223,-5.1802304347826125,1.6957898989107223
Barber,35msr,0.985,-28.070267173913045,-4.639252173913047,1.6993910082782646
Barber,35msr,0.99,-27.789176304347826,-4.098273913043481,1.7030169707897023
Barber,35msr,0.995,-27.516331630434784,-3.5572956521739143,1.7066676280371038
Barber,35msr,1.0,-27.243486956521743,-3.016317391304349,1.7103428218907446
Barber,075ms,0.0,-25.975594736842112,3.751736842105263,0.25731181618402693
Barber,075ms,0.005,-25.49850197368421,3.8449807368421047,0.23138641570185542
Barber,075ms,0.01,-24.758732578947367,3.9262541578947365,0.20977066189086818
Barber,075ms,0.015,-23.983478736842105,3.9959097631578957,0.19306823546961788
Barber,075ms,0.02,-23.303496105263157,4.0537237894736835,0.18220390979211906
Barber,075ms,0.025,-22.739354210526315,4.098476578947368,0.1776524159482324
Barber,075ms,0.03,-22.250470052631584,4.133017578947369,0.17864232142713365
Barber,075ms,0.035,-21.79903460526316,4.158670342105264,0.18440227670453851
Barber,075ms,0.04,-21.323606526315793,4.174693263157894,0.19439704501567265
Barber,075ms,0.045,-20.911471210526315,4.181108973684211,0.20676261244750632
Barber,075ms,0.05,-20.47691763157895,4.178797368421053,0.21989469446442106
Barber,075ms,0.055,-19.99459860526316,4.168620763157894,0.2325449724979851
Barber,075ms,0.06,-19.249726526315786,4.150698736842106,0.2437123215503415
Barber,075ms,0.065,-18.44604557894737,4.125920578947367,0.2532739182317844
Barber,075ms,0.07,-17.757450421052635,4.095498105263157,0.26152591499221484
Barber,075ms,0.075,-17.2125825,4.05960447368421,0.26886682436930287
Barber,075ms,0.08,-16.685268210526317,4.019081052631579,0.2746958662661928
Barber,075ms,0.085,-16.191731736842105,3.974321315789474,0.27885368703078584
Barber,075ms,0.09,-15.731463263157895,3.9259872105263165,0.28140419458561167
Barber,075ms,0.095,-15.354582184210523,3.8744668157894737,0.2826370204106045
Barber,075ms,0.1,-15.02484315789474,3.8203089473684217,0.28262859498669834
Barber,075ms,0.105,-14.706074999999998,3.7638164210526326,0.2813342006116973
Barber,075ms,0.11,-14.287711368421053,3.705261631578948,0.27871021555356906
Barber,075ms,0.115,-13.926248736842105,3.6454578157894737,0.2753233897328362
Barber,075ms,0.12,-13.655002736842107,3.584666947368422,0.2713073980075531
Barber,075ms,0.125,-13.372734210526316,3.5231124999999994,0.26681021720799786
Barber,075ms,0.13,-13.110109263157893,3.460860157894737,0.26115174651113715
Barber,075ms,0.135,-12.857870157894737,3.3978322631578948,0.2544619834274375
Barber,075ms,0.14,-12.619850631578949,3.3339197894736845,0.2469484439327322
Barber,075ms,0.145,-12.352197631578946,3.2682454736842104,0.23999906210362099
Barber,075ms,0.15,-12.043081052631576,3.1987263157894734,0.2365875372036972
Barber,075ms,0.155,-11.721112184210522,3.1125314736842107,0.2483838680515491
Barber,075ms,0.16,-11.353086947368421,3.018204,0.27115920520997483
Barber,075ms,0.165,-10.941622342105262,2.913402052631579,0.3062066453746166
Barber,075ms,0.17,-10.533702473684206,2.796058947368421,0.3495146853974393
Barber,075ms,0.17500000000000002,-10.153899473684211,2.656217763157894,0.4013867475939008
Barber,075ms,0.18,-9.783703473684213,2.492887052631579,0.4527710941942289
Barber,075ms,0.185,-9.380915578947368,2.320976473684211,0.5022912788780104
Barber,075ms,0.19,-9.02978694736842,2.1349266315789475,0.5356814255366427
Barber,075ms,0.195,-8.618053473684213,1.941925894736842,0.5478608377639916
Barber,075ms,0.2,-8.192267368421051,1.7552642105263154,0.5479157487512473
Barber,075ms,0.20500000000000002,-7.878277499999998,1.57222297368421,0.5255664319297367
Barber,075ms,0.21,-7.467683947368421,1.402756157894737,0.493964929226577
Barber,075ms,0.215,-7.030238763157896,1.245907421052632,0.4510677084490539
Barber,075ms,0.22,-6.6301874736842095,1.1027721052631576,0.4031892880127142
Barber,075ms,0.225,-6.316210131578948,0.9749449999999998,0.3592923763885354
Barber,075ms,0.23,-6.048429105263158,0.8618580526315787,0.31979661350770605
Barber,075ms,0.23500000000000001,-5.792116736842104,0.7623044999999994,0.28424925176182575
Barber,075ms,0.24,-5.58228905263158,0.6739416842105265,0.25227642320135407
Barber,075ms,0.245,-5.393372973684211,0.5958971842105264,0.22481548072844856
Barber,075ms,0.25,-5.269256578947369,0.5266078947368421,0.20007883266297413
Barber,075ms,0.255,-5.0895052105263145,0.4658888684210525,0.1779985398859276
Barber,075ms,0.26,-4.912187157894735,0.41195778947368406,0.1580396465859383
Barber,075ms,0.265,-4.724994657894735,0.36436810526315777,0.14086510267297525
Barber,075ms,0.27,-4.5686484210526315,0.32212121052631565,0.12546569039113473
Barber,075ms,0.275,-4.431533552631579,0.2848380263157893,0.11163076832086744
Barber,075ms,0.28,-4.301614526315789,0.2518423157894735,0.09920242656043862
Barber,075ms,0.28500000000000003,-4.1578551315789465,0.22281544736842085,0.08837577529934533
Barber,075ms,0.29,-4.013050684210527,0.1970922105263159,0.07877007490062723
Barber,075ms,0.295,-3.863934631578948,0.1741902368421053,0.07006722859405676
Barber,075ms,0.3,-3.738058947368421,0.15402368421052634,0.06236566795167172
Barber,075ms,0.305,-3.600192052631579,0.1362852631578948,0.05557204451865507
Barber,075ms,0.31,-3.419145105263157,0.12058005263157898,0.04952352861596372
Barber,075ms,0.315,-3.2414105789473684,0.10658586842105261,0.044039323069765865
Barber,075ms,0.32,-3.0691913684210514,0.09425452631578947,0.03921694345341378
Barber,075ms,0.325,-2.9194673684210515,0.08338657894736841,0.03498789373530851
Barber,075ms,0.33,-2.757408578947368,0.07378363157894734,0.03115772276357232
Barber,075ms,0.335,-2.5922744473684203,0.0652481578947368,0.02772021503773422
Barber,075ms,0.34,-2.441084631578947,0.057700947368421025,0.024688159278815756
Barber,075ms,0.34500000000000003,-2.2939862105263145,0.051062447368421,0.0220415541575779
Barber,075ms,0.35000000000000003,-2.1212794736842087,0.045143157894736795,0.0196285655299755
Barber,075ms,0.355,-1.9146475000000005,0.039930289473684225,0.017471546931116466
Barber,075ms,0.36,-1.6870162105263167,0.03533305263157895,0.015573457627351552
Barber,075ms,0.365,-1.4642022894736841,0.031265815789473676,0.013881924429774184
Barber,075ms,0.37,-1.278187105263158,0.02764678947368421,0.012340781876530342
Barber,075ms,0.375,-1.0613625000000002,0.024461842105263157,0.011001692807607565
Barber,075ms,0.38,-0.8504791578947369,0.02165157894736842,0.009819357200077539
Barber,075ms,0.385,-0.6870655263157893,0.019150763157894733,0.008750521954910998
Barber,075ms,0.39,-0.5029657368421047,0.016938789473684202,0.007789571514321649
Barber,075ms,0.395,-0.28542597368420974,0.014987289473684204,0.00694697888580994
Barber,075ms,0.4,-0.07534105263157856,0.013251578947368415,0.006194178305097957
Barber,075ms,0.405,0.15185265789473834,0.011724026315789466,0.005518353290500812
Barber,075ms,0.41000000000000003,0.4961438947368447,0.010378368421052622,0.00491528182209135
Barber,075ms,0.41500000000000004,0.7363818684210539,0.009181605263157889,0.004378912186409778
Barber,075ms,0.42,0.9622396842105254,0.008122526315789476,0.003892905657710421
Barber,075ms,0.425,1.15590947368421,0.0071897368421052635,0.0034669409478690406
Barber,075ms,0.43,1.3584498421052627,0.0063575789473684224,0.0031114818827891666
Barber,075ms,0.435,1.5919688684210527,0.005628789473684213,0.0027795544716630086
Barber,075ms,0.44,1.8602218947368423,0.004977473684210525,0.002472475583795596
Barber,075ms,0.445,2.093374184210527,0.004403052631578945,0.002202874186475578
Barber,075ms,0.45,2.3345586842105264,0.003906052631578946,0.0019650683521976685
Barber,075ms,0.455,2.5859822105263164,0.0034556315789473664,0.0017512172145930317
Barber,075ms,0.46,2.8301066315789476,0.0030493684210526305,0.0015558624012535127
Barber,075ms,0.465,3.0638876578947376,0.002694473684210525,0.0013801241122076487
Barber,075ms,0.47000000000000003,3.3985303157894773,0.002393421052631577,0.00124244158247886
Barber,075ms,0.47500000000000003,3.685545921052634,0.0021242105263157875,0.00111126736936031
Barber,075ms,0.48,3.917789894736841,0.001876000000000001,0.000987146019167324
Barber,075ms,0.485,4.1851837105263145,0.0016596578947368425,0.0008727963386457708
Barber,075ms,0.49,4.41488194736842,0.001469368421052632,0.0007774375053933558
Barber,075ms,0.495,4.62572947368421,0.0013000000000000002,0.0006894795138363432
Barber,075ms,0.5,4.855647368421053,0.001144736842105263,0.0006021659888405718
Barber,075ms,0.505,5.162199763157895,0.0010141842105263158,0.0005459569871848478
Barber,075ms,0.51,5.403570947368422,0.0008984736842105262,0.000487593269719651
Barber,075ms,0.515,5.584354236842105,0.0008064210526315789,0.0004309691423548208
Barber,075ms,0.52,5.71980252631579,0.0007122105263157892,0.00039424806229839435
Barber,075ms,0.525,5.900752236842106,0.0006280263157894733,0.00034591276941495116
Barber,075ms,0.53,6.112181263157895,0.0005569473684210524,0.00030624628439150246
Barber,075ms,0.535,6.265034578947369,0.00048352631578947315,0.0002762094206292054
Barber,075ms,0.54,6.382131894736844,0.00042926315789473655,0.00024123298240612533
Barber,075ms,0.545,6.506119500000001,0.0003746578947368414,0.0002185227949467911
Barber,075ms,0.55,6.588600263157895,0.0003265789473684208,0.0001980965516290299
Barber,075ms,0.555,6.658209184210527,0.00029897368421052603,0.0001703909956915045
Barber,075ms,0.56,6.7009332631578955,0.0002713684210526313,0.000146368033081111
Barber,075ms,0.5650000000000001,6.740266026315791,0.00024249999999999966,0.00013085005480360044
Barber,075ms,0.5700000000000001,6.721431315789473,0.0001966842105263151,0.00011891175526484418
Barber,075ms,0.5750000000000001,6.676303157894737,7.868421052631259e-05,0.0004168462170849946
Barber,075ms,0.58,6.612061157894737,-0.00021378947368420992,0.0014870357507806337
Barber,075ms,0.585,6.510524657894738,-0.012327657894736744,0.04652768392186463
Barber,075ms,0.59,6.392066631578949,-0.04243768421052605,0.09727501183976563
Barber,075ms,0.595,6.229539973684211,-0.12670421052631495,0.25550403272671246
Barber,075ms,0.6,6.001773684210527,-0.27829684210526284,0.4350315367279963
Barber,075ms,0.605,5.672026552631579,-0.5242205789473683,0.6604232605185707
Barber,075ms,0.61,5.255397684210528,-0.9037308947368412,0.9462436876697414
Barber,075ms,0.615,4.83369107894737,-1.329780184210524,1.2383851710850808
Barber,075ms,0.62,4.34345063157895,-1.8395778947368397,1.419060489001229
Barber,075ms,0.625,3.8406006578947367,-2.467161842105263,1.4462011367835748
Barber,075ms,0.63,3.030347736842102,-3.1732720526315816,1.2923790827541948
Barber,075ms,0.635,2.2624485526315756,-3.807162000000004,1.1549738521351556
Barber,075ms,0.64,1.6098378947368397,-4.38139305263158,1.0337251190849042
Barber,075ms,0.645,0.7454487894736821,-4.907247157894738,0.91998962528837
Barber,075ms,0.65,-0.37045157894737174,-5.379234473684213,0.8245583701672546
Barber,075ms,0.655,-1.5591423684210581,-5.801225815789475,0.745003051574043
Barber,075ms,0.66,-2.690078526315798,-6.182703578947371,0.6775919528427826
Barber,075ms,0.665,-3.971839342105277,-6.52387313157895,0.618747774972689
Barber,075ms,0.67,-5.096156842105275,-6.8296281578947395,0.5702418423732952
Barber,075ms,0.675,-6.395612763157901,-7.103794342105265,0.5302382298396147
Barber,075ms,0.68,-7.956514736842116,-7.347073894736845,0.49891405156123997
Barber,075ms,0.685,-9.126967473684221,-7.5621856315789495,0.4716593653794585
Barber,075ms,0.6900000000000001,-10.278155736842123,-7.7509859473684255,0.4479842103899211
Barber,075ms,0.6950000000000001,-11.609115842105288,-7.917002973684213,0.42832940031090166
Barber,075ms,0.7000000000000001,-12.867903684210546,-8.060883157894736,0.41273529049695584
Barber,075ms,0.705,-13.825263184210515,-8.211272210526314,0.38834664575365363
Barber,075ms,0.71,-15.056528052631567,-8.307281368421052,0.3389806610725457
Barber,075ms,0.715,-16.305130657894733,-8.386305184210526,0.32642857290846666
Barber,075ms,0.72,-17.40275557894737,-8.451431368421051,0.32416140161608764
Barber,075ms,0.725,-18.626567105263156,-8.498768684210528,0.32707831203680804
Barber,075ms,0.73,-19.58984147368421,-8.515782842105262,0.35178447181855427
Barber,075ms,0.735,-20.79985484210526,-8.533243815789474,0.3753424435741178
Barber,075ms,0.74,-21.848375368421046,-8.532212210526316,0.3960233879828682
Barber,075ms,0.745,-22.85193523684211,-8.513568210526316,0.41791238996259145
Barber,075ms,0.75,-23.610217105263157,-8.475606578947371,0.45019987438637415
Barber,075ms,0.755,-24.786781815789475,-8.433211868421052,0.46817065796245283
Barber,075ms,0.76,-25.76869178947369,-8.377604631578947,0.4850511879909076
Barber,075ms,0.765,-26.631326342105265,-8.310232842105265,0.5007279198888209
Barber,075ms,0.77,-27.58707989473684,-8.232761736842104,0.5157852188583153
Barber,075ms,0.775,-28.32523842105263,-8.14622644736842,0.528936110319148
Barber,075ms,0.78,-29.213193578947365,-8.053411473684209,0.5407193945191875
Barber,075ms,0.785,-30.020949684210528,-7.955474000000001,0.5503732335713793
Barber,075ms,0.79,-30.743955157894746,-7.852605842105263,0.5575607517002555
Barber,075ms,0.795,-31.41275660526316,-7.745105552631578,0.5619405122178225
Barber,075ms,0.8,-32.083714736842104,-7.6340663157894735,0.5646943566419521
Barber,075ms,0.805,-32.92558152631579,-7.520109947368422,0.566174130857606
Barber,075ms,0.81,-33.59155689473685,-7.403114473684208,0.5651314861121274
Barber,075ms,0.8150000000000001,-34.06332207894738,-7.283598499999999,0.5617866581298784
Barber,075ms,0.8200000000000001,-34.47340842105263,-7.1622898947368405,0.5567658276357633
Barber,075ms,0.8250000000000001,-35.01601671052634,-7.039578289473682,0.5504844087071313
Barber,075ms,0.8300000000000001,-35.51683689473685,-6.915359789473683,0.5425032133901995
Barber,075ms,0.835,-35.89549697368422,-6.789634447368422,0.5328033234912171
Barber,075ms,0.84,-36.32855242105263,-6.662420210526317,0.5212247055654071
Barber,075ms,0.845,-36.69610918421053,-6.533644315789474,0.5074616314288982
Barber,075ms,0.85,-36.97675184210526,-6.402860789473685,0.49083980920797776
Barber,075ms,0.855,-37.19389505263158,-6.267512842105264,0.4736835430360221
Barber,075ms,0.86,-37.30129715789474,-6.1214477894736845,0.45229027183221715
Barber,075ms,0.865,-37.39531834210527,-5.9212312368421065,0.4412013739925689
Barber,075ms,0.87,-37.488814,-5.664412000000001,0.4555092173634386
Barber,075ms,0.875,-37.51457105263158,-5.327677631578947,0.5562265559456216
Barber,075ms,0.88,-37.494437684210524,-4.946319578947367,0.7036515381775362
Barber,075ms,0.885,-37.44746526315789,-4.552411736842104,0.823005423949502
Barber,075ms,0.89,-37.35645126315789,-4.131398315789472,0.9315842055772834
Barber,075ms,0.895,-37.226602868421054,-3.706119842105263,1.0013588982444657
Barber,075ms,0.9,-37.01918157894736,-3.2540026315789468,1.0313524464397632
Barber,075ms,0.905,-36.79504410526316,-2.804901947368418,1.0366552175798998
Barber,075ms,0.91,-36.57702331578947,-2.3600804210526283,1.055582361225027
Barber,075ms,0.915,-36.34788278947368,-1.9235874736842071,1.0914658287683165
Barber,075ms,0.92,-36.10486357894737,-1.4992673684210494,1.1460732473435777
Barber,075ms,0.925,-35.73247171052632,-1.055684736842103,1.1817657235250199
Barber,075ms,0.93,-35.263501210526314,-0.5534505789473644,1.1685836275375279
Barber,075ms,0.935,-34.69952860526315,-0.04557334210525795,1.115212606909151
Barber,075ms,0.9400000000000001,-34.052126105263156,0.43301957894737386,1.0422718595395501
Barber,075ms,0.9450000000000001,-33.424466342105255,0.8838055789473751,0.9445578500038512
Barber,075ms,0.9500000000000001,-32.81847368421052,1.2879302631579008,0.8538128888411349
Barber,075ms,0.9550000000000001,-32.30013989473682,1.6500073684210563,0.7732157833802517
Barber,075ms,0.96,-31.792305263157903,1.9780191578947346,0.6936184393088077
Barber,075ms,0.965,-31.36020755263158,2.269830447368419,0.6247618716658516
Barber,075ms,0.97,-30.89425794736842,2.530847157894736,0.5627897358893895
Barber,075ms,0.975,-30.303261710526318,2.766176578947367,0.5070294033012102
Barber,075ms,0.98,-29.57196642105263,2.9753578947368418,0.4566530558093191
Barber,075ms,0.985,-29.082216473684213,3.1581253157894733,0.41225197788750895
Barber,075ms,0.99,-28.333397315789483,3.3215875789473674,0.3713984531147554
Barber,075ms,0.995,-27.44099031578947,3.467905052631579,0.33391628694763004
Barber,075ms,1.0,-26.642873684210528,3.5981736842105256,0.29981341889512625
Barber,125ms,0.0,-32.30106666666668,4.7060458333333335,0.383484854089405
Barber,125ms,0.005,-31.858178958333337,4.864070833333334,0.3575258783190755
Barber,125ms,0.01,-31.383426166666666,5.016318083333333,0.33257343604795475
Barber,125ms,0.015,-30.822868416666665,5.1463708750000015,0.3091648986817907
Barber,125ms,0.02,-30.266800999999997,5.266438166666666,0.28738273890459315
Barber,125ms,0.025,-29.718007500000002,5.372240416666666,0.2676357732677731
Barber,125ms,0.03,-29.204322375000004,5.464514166666667,0.25017700263707743
Barber,125ms,0.035,-28.69530485416666,5.548255583333334,0.23486448041289262
Barber,125ms,0.04,-28.315819333333337,5.6151835000000005,0.22142594226908016
Barber,125ms,0.045,-27.991761333333333,5.676860791666667,0.20982407173187745
Barber,125ms,0.05,-27.80377916666667,5.720532708333333,0.1983591496082041
Barber,125ms,0.055,-27.588685708333333,5.7588385,0.18824676267114568
Barber,125ms,0.06,-27.350309749999994,5.78215725,0.17751073778019974
Barber,125ms,0.065,-27.108151687499998,5.797755041666668,0.16874987916026027
Barber,125ms,0.07,-26.888907125000006,5.803064083333333,0.16068244388568537
Barber,125ms,0.075,-26.723562812499996,5.798685520833334,0.15555002772416707
Barber,125ms,0.08,-26.584080833333335,5.787749833333334,0.15292589422322247
Barber,125ms,0.085,-26.581687,5.7668973958333325,0.15323548161231426
Barber,125ms,0.09,-26.61701004166666,5.741348875,0.15673759860759653
Barber,125ms,0.095,-26.677129875000002,5.706422895833334,0.16192732338054341
Barber,125ms,0.1,-26.733911250000002,5.667082083333335,0.1694315285983094
Barber,125ms,0.105,-26.736708645833332,5.620093875000002,0.1780809530859638
Barber,125ms,0.11,-26.689931499999997,5.5684158749999995,0.18823663264233678
Barber,125ms,0.115,-26.608112916666666,5.511226020833333,0.19954191050793282
Barber,125ms,0.12,-26.48792783333333,5.449101166666666,0.21144528994353493
Barber,125ms,0.125,-26.372930729166665,5.382523958333331,0.2238277986229927
Barber,125ms,0.13,-26.202542625000003,5.310580416666667,0.23522767254122068
Barber,125ms,0.135,-25.864467520833333,5.234613062499999,0.24655220588951482
Barber,125ms,0.14,-25.45226774999999,5.1534101666666645,0.2564129777883825
Barber,125ms,0.145,-25.022876937499998,5.068394729166667,0.26636062414997097
Barber,125ms,0.15,-24.530649166666667,4.97882,0.27528234156801035
Barber,125ms,0.155,-23.957352125000003,4.885014333333333,0.28474005210168096
Barber,125ms,0.16,-23.353058,4.779499666666665,0.30592065150278586
Barber,125ms,0.165,-22.746212541666665,4.6695804999999995,0.3310710855800396
Barber,125ms,0.17,-22.242355916666668,4.549999125,0.3648730031778538
Barber,125ms,0.17500000000000002,-21.811987604166664,4.4127459374999995,0.40540628744559853
Barber,125ms,0.18,-21.317854499999996,4.238496916666667,0.46665881413011623
Barber,125ms,0.185,-20.924786520833333,3.9987231458333334,0.524019278999162
Barber,125ms,0.19,-20.642186208333335,3.733064291666667,0.5761970911139029
Barber,125ms,0.195,-20.2528578125,3.4515418125,0.5964313312442496
Barber,125ms,0.2,-19.7535325,3.1761958333333333,0.5984191282309071
Barber,125ms,0.20500000000000002,-19.300567687499992,2.9180898333333327,0.5878818751077655
Barber,125ms,0.21,-18.779878499999995,2.6667493333333336,0.542657499463264
Barber,125ms,0.215,-18.11847764583333,2.436193479166667,0.4956132016643096
Barber,125ms,0.22,-17.475264166666673,2.225558083333333,0.45413562783067324
Barber,125ms,0.225,-16.872761875,2.0329040625,0.4156219601748565
Barber,125ms,0.23,-16.36920195833333,1.8575357916666666,0.3802792090403204
Barber,125ms,0.23500000000000001,-15.980701687500002,1.6968788541666662,0.348631496220086
Barber,125ms,0.24,-15.612158166666662,1.5503508333333338,0.31844574646759793
Barber,125ms,0.245,-15.26602997916667,1.416164145833334,0.2924823947075876
Barber,125ms,0.25,-14.964116666666667,1.2935541666666668,0.2666463341857942
Barber,125ms,0.255,-14.635989166666663,1.181953375,0.24510006093822562
Barber,125ms,0.26,-14.146177666666661,1.0798029166666663,0.22375044883379883
Barber,125ms,0.265,-13.571377541666662,0.9865361041666665,0.20515926980712143
Barber,125ms,0.27,-13.034758583333334,0.9010840416666662,0.1877578845848822
Barber,125ms,0.275,-12.526859374999995,0.8232802083333329,0.17166829141562745
Barber,125ms,0.28,-12.072563166666662,0.7520978333333329,0.15764496590325644
Barber,125ms,0.28500000000000003,-11.630129166666665,0.6870957708333328,0.14377929952484017
Barber,125ms,0.29,-11.17236016666667,0.6277729166666669,0.13230831365316043
Barber,125ms,0.295,-10.700815770833335,0.5734590416666668,0.12054292227562881
Barber,125ms,0.3,-10.276512916666666,0.5239304166666668,0.11095199800961855
Barber,125ms,0.305,-9.926444375,0.47865525000000003,0.10125960185849867
Barber,125ms,0.31,-9.587570166666668,0.4373345833333333,0.09295429573044518
Barber,125ms,0.315,-9.24993622916667,0.3994001874999999,0.08507010496028809
Barber,125ms,0.32,-8.89179116666667,0.3650251666666667,0.07780541369749855
Barber,125ms,0.325,-8.532866458333332,0.3333894791666667,0.07145451675052916
Barber,125ms,0.33,-8.141138666666665,0.3045826249999999,0.06508887736703593
Barber,125ms,0.335,-7.656912958333329,0.2783325624999999,0.05997322101907104
Barber,125ms,0.34,-7.162414416666664,0.25422575,0.05463528986016425
Barber,125ms,0.34500000000000003,-6.764431916666665,0.23230297916666653,0.05033981978482158
Barber,125ms,0.35000000000000003,-6.391307499999996,0.21219583333333322,0.04594706668336462
Barber,125ms,0.355,-6.005194958333334,0.19391266666666676,0.042187123613300445
Barber,125ms,0.36,-5.6671923333333325,0.1770681666666667,0.03861454907983377
Barber,125ms,0.365,-5.395314687500001,0.16185654166666666,0.03532484678603147
Barber,125ms,0.37,-5.126836833333333,0.14782270833333333,0.032435684132190966
Barber,125ms,0.375,-4.826416145833334,0.13505468750000002,0.029597341125940035
Barber,125ms,0.38,-4.541373083333334,0.1234141666666667,0.027246184967909842
Barber,125ms,0.385,-4.278385583333334,0.1127248125,0.024843043680027634
Barber,125ms,0.39,-3.939390458333332,0.10302974999999998,0.022858797347793693
Barber,125ms,0.395,-3.5603958541666647,0.09407687499999995,0.0208862941534285
Barber,125ms,0.4,-3.2024816666666656,0.0859858333333333,0.01918165310843209
Barber,125ms,0.405,-2.8797445833333324,0.07852993749999997,0.01754888667724187
Barber,125ms,0.41000000000000003,-2.6058887499999988,0.07177741666666664,0.016079508698746223
Barber,125ms,0.41500000000000004,-2.302535604166664,0.06555712499999995,0.014749442504471428
Barber,125ms,0.42,-1.9494623333333345,0.05989566666666668,0.013497022469995222
Barber,125ms,0.425,-1.6268409375000006,0.054737083333333346,0.012385898371624985
Barber,125ms,0.43,-1.3548130416666668,0.04999483333333334,0.011333443896519526
Barber,125ms,0.435,-1.1214479166666667,0.04569716666666668,0.010397439999092198
Barber,125ms,0.44,-0.8666789999999994,0.041730666666666666,0.009503792833507175
Barber,125ms,0.445,-0.6046971666666664,0.03813470833333334,0.008734835971934293
Barber,125ms,0.45,-0.35512999999999967,0.034825208333333336,0.007985496681375803
Barber,125ms,0.455,-0.046329416666665756,0.031820916666666664,0.007329035450786749
Barber,125ms,0.46,0.31942883333333455,0.029067333333333334,0.00670954828749464
Barber,125ms,0.465,0.6879750625000011,0.026554979166666656,0.00615866321987296
Barber,125ms,0.47000000000000003,1.0008156666666685,0.024278083333333325,0.005632517206044637
Barber,125ms,0.47500000000000003,1.3264020833333356,0.022189374999999987,0.005167493763602912
Barber,125ms,0.48,1.6802081666666646,0.02027966666666668,0.004738583602254538
Barber,125ms,0.485,1.9726547499999987,0.01851945833333334,0.004333954643559458
Barber,125ms,0.49,2.17033325,0.016911,0.003980759820687505
Barber,125ms,0.495,2.334432833333333,0.015449458333333338,0.0036415529451637213
Barber,125ms,0.5,2.490470833333334,0.014114583333333331,0.0033483976008018453
Barber,125ms,0.505,2.629310479166667,0.012892395833333329,0.0030565659311116815
Barber,125ms,0.51,2.741831958333334,0.011777958333333331,0.0028113495792229776
Barber,125ms,0.515,2.853243458333333,0.010763770833333334,0.002569004472306858
Barber,125ms,0.52,2.9484506666666666,0.009837499999999997,0.002353660925027221
Barber,125ms,0.525,2.9906183333333334,0.008991666666666662,0.0021591380015465013
Barber,125ms,0.53,2.9808654166666657,0.00821858333333333,0.001988940314938809
Barber,125ms,0.535,2.931099145833332,0.00749977083333333,0.0018301374719492077
Barber,125ms,0.54,2.8103434999999983,0.006846083333333332,0.0016712155734840278
Barber,125ms,0.545,2.621499729166665,0.0062381874999999955,0.0015597629615084934
Barber,125ms,0.55,2.4048424999999987,0.005553124999999993,0.001610381562252154
Barber,125ms,0.555,2.1250388958333297,-0.010966833333333691,0.06878620424057859
Barber,125ms,0.56,1.8228134999999954,-0.05341550000000139,0.1758170284976711
Barber,125ms,0.5650000000000001,1.5069974583333277,-0.1756167291666694,0.3351441332240526
Barber,125ms,0.5700000000000001,1.1306999583333284,-0.38985100000000344,0.5304078022224216
Barber,125ms,0.5750000000000001,0.6869048958333273,-0.7349695833333385,0.7126303941153626
Barber,125ms,0.58,0.0681619166666733,-1.2399900833333277,0.8413806109142827
Barber,125ms,0.585,-0.7244382291666579,-1.8628636458333263,0.8611302796009166
Barber,125ms,0.59,-1.652954333333323,-2.496298749999994,0.8480924588141542
Barber,125ms,0.595,-2.651748374999993,-3.1155051458333287,0.8354982480483013
Barber,125ms,0.6,-3.589933333333328,-3.7106983333333297,0.8217052475374342
Barber,125ms,0.605,-4.503346791666661,-4.284467624999996,0.8120709260880643
Barber,125ms,0.61,-5.426995999999999,-4.832506249999999,0.8050315339692833
Barber,125ms,0.615,-6.257086041666668,-5.3604445,0.799228109866443
Barber,125ms,0.62,-6.98252175,-5.864792666666667,0.7953948456918876
Barber,125ms,0.625,-7.743153645833334,-6.348222395833332,0.7899792358490476
Barber,125ms,0.63,-8.552644833333336,-6.810168624999999,0.786407942616607
Barber,125ms,0.635,-9.301400729166671,-7.249316979166669,0.7799279556615374
Barber,125ms,0.64,-10.264966166666666,-7.669954666666666,0.7750798393556344
Barber,125ms,0.645,-11.73938083333333,-8.067027125000001,0.7672266376342709
Barber,125ms,0.65,-13.248502291666666,-8.445994583333333,0.7603255208844164
Barber,125ms,0.655,-14.544332104166665,-8.804681416666668,0.7522743853663819
Barber,125ms,0.66,-15.771662000000001,-9.144419,0.7434604152378702
Barber,125ms,0.665,-17.142071958333343,-9.465464875,0.7354998406440353
Barber,125ms,0.67,-18.658496750000015,-9.768068166666668,0.7251471667459227
Barber,125ms,0.675,-19.945028854166676,-10.052863645833336,0.7167359667465515
Barber,125ms,0.68,-20.818097833333336,-10.317713666666672,0.7040019149149301
Barber,125ms,0.685,-21.489463104166674,-10.56682097916667,0.6928026924384968
Barber,125ms,0.6900000000000001,-22.26421483333334,-10.795949250000001,0.6778279088201667
Barber,125ms,0.6950000000000001,-23.117333354166675,-11.008408770833336,0.6618760448704996
Barber,125ms,0.7000000000000001,-23.920914166666677,-11.203000000000003,0.6444998277928397
Barber,125ms,0.705,-24.927322270833326,-11.379978770833333,0.6239344049915392
Barber,125ms,0.71,-26.188159124999984,-11.538526458333331,0.6027487755854413
Barber,125ms,0.715,-27.260184916666663,-11.674930104166663,0.5555156397561901
Barber,125ms,0.72,-28.267936833333323,-11.81824033333333,0.4984488547442849
Barber,125ms,0.725,-29.399234999999994,-11.948123541666666,0.4525099775142606
Barber,125ms,0.73,-30.422815333333332,-12.048224333333332,0.4258690942917657
Barber,125ms,0.735,-31.470679104166667,-12.124752083333334,0.4061638782558418
Barber,125ms,0.74,-32.38062875,-12.181923333333332,0.40436844657839244
Barber,125ms,0.745,-33.09179666666667,-12.2303563125,0.40415167499827676
Barber,125ms,0.75,-33.83158541666668,-12.268291666666665,0.39318771841160327
Barber,125ms,0.755,-34.467935687499995,-12.291345,0.38532767801703527
Barber,125ms,0.76,-35.110148333333335,-12.297554666666668,0.3743555363691339
Barber,125ms,0.765,-35.84889039583333,-12.288530395833332,0.36415182505689886
Barber,125ms,0.77,-36.67265000000001,-12.263479750000002,0.35282536712601054
Barber,125ms,0.775,-37.51491302083334,-12.223943958333331,0.3424767035020385
Barber,125ms,0.78,-38.349551583333344,-12.170474333333331,0.3345139770481281
Barber,125ms,0.785,-39.332278791666674,-12.104550333333334,0.3285680881918308
Barber,125ms,0.79,-40.301715166666675,-12.027290250000002,0.32790638034750763
Barber,125ms,0.795,-41.07910625,-11.938741687499999,0.3299636388032278
Barber,125ms,0.8,-41.73162500000001,-11.840250833333334,0.33713451889807877
Barber,125ms,0.805,-42.20033820833334,-11.730209666666665,0.3456818762208939
Barber,125ms,0.81,-42.64750558333334,-11.611765624999999,0.3579336683006386
Barber,125ms,0.8150000000000001,-43.145467770833335,-11.48273525,0.3717573444415449
Barber,125ms,0.8200000000000001,-43.531566500000004,-11.346767166666668,0.3886474108948954
Barber,125ms,0.8250000000000001,-43.882989166666675,-11.201049583333331,0.4058035050838872
Barber,125ms,0.8300000000000001,-44.34498620833333,-11.048281625,0.42374507459308763
Barber,125ms,0.835,-44.80726199999999,-10.887257270833336,0.4405222394988743
Barber,125ms,0.84,-45.158551166666676,-10.718628166666667,0.456249240461803
Barber,125ms,0.845,-45.44737737500001,-10.543119,0.4710837546414696
Barber,125ms,0.85,-45.76150770833333,-10.359635625000001,0.48461524582934284
Barber,125ms,0.855,-45.98450097916666,-10.161094458333336,0.5176696987261545
Barber,125ms,0.86,-46.07803066666667,-9.924056416666668,0.6038439048537246
Barber,125ms,0.865,-46.138987291666666,-9.664680208333335,0.7184621669502386
Barber,125ms,0.87,-46.14241516666666,-9.360836,0.8591954195632672
Barber,125ms,0.875,-46.11579635416667,-8.9958015625,1.0197319399558145
Barber,125ms,0.88,-46.055343666666666,-8.532920500000001,1.1712382808812871
Barber,125ms,0.885,-45.97881024999999,-7.9679198541666665,1.2974456860446224
Barber,125ms,0.89,-45.854478666666665,-7.296066541666664,1.4036047662118352
Barber,125ms,0.895,-45.65644768749999,-6.544726374999997,1.4723795512402436
Barber,125ms,0.9,-45.408645,-5.762838333333331,1.5099759734365166
Barber,125ms,0.905,-45.1044290625,-4.950236166666665,1.5065016123737265
Barber,125ms,0.91,-44.76666116666666,-4.129643374999994,1.477715125849246
Barber,125ms,0.915,-44.363606,-3.317503812499995,1.4404597602285487
Barber,125ms,0.92,-43.93557816666666,-2.5220034999999954,1.3914990888751668
Barber,125ms,0.925,-43.41622385416667,-1.7781576041666594,1.3033736665016422
Barber,125ms,0.93,-42.94858983333332,-1.0728222083333268,1.2094221579182256
Barber,125ms,0.935,-42.508289749999996,-0.42878431249999444,1.0951041939857507
Barber,125ms,0.9400000000000001,-41.960676333333325,0.15094908333333903,0.9956242922858286
Barber,125ms,0.9450000000000001,-41.37440679166666,0.6924160625000075,0.8935570234809125
Barber,125ms,0.9500000000000001,-40.822764583333324,1.1634450000000058,0.8284310388242949
Barber,125ms,0.9550000000000001,-40.20430397916665,1.6131600416666705,0.770977229039872
Barber,125ms,0.96,-39.2070895,2.0114809999999963,0.7239897573541133
Barber,125ms,0.965,-38.24394275,2.396439020833331,0.6790444914841965
Barber,125ms,0.97,-37.44737116666667,2.741267041666664,0.6366089826500307
Barber,125ms,0.975,-36.55027802083334,3.068227604166665,0.5975720866157768
Barber,125ms,0.98,-35.50656825000001,3.367855416666666,0.5599531411819146
Barber,125ms,0.985,-34.73872418750001,3.643361416666666,0.5255630652319607
Barber,125ms,0.99,-34.140936958333334,3.9024965,0.49221930010226844
Barber,125ms,0.995,-33.59527256249999,4.132675125,0.4615391369228222
Barber,125ms,1.0,-33.05591666666667,4.355545833333333,0.4316426656575694
Barber,175msw,0.0,-29.739649999999997,3.4895923076923063,0.832703392074031
Barber,175msw,0.005,-29.373326865384612,3.794029423076924,0.783664669891349
Barber,175msw,0.01,-29.008482307692308,4.096346653846154,0.7481227295832366
Barber,175msw,0.015,-28.73492776923077,4.342703134615386,0.7228244089345676
Barber,175msw,0.02,-28.468633153846156,4.587279846153845,0.699917312798046
Barber,175msw,0.025,-28.24755192307693,4.798755576923077,0.6790475253325381
Barber,175msw,0.03,-28.013967076923077,5.007785269230768,0.6604087282882855
Barber,175msw,0.035,-27.646087153846153,5.1878104230769235,0.6427386427305947
Barber,175msw,0.04,-27.264351538461536,5.364871076923077,0.6271200900912606
Barber,175msw,0.045,-26.792513230769234,5.517182634615384,0.6125768753496852
Barber,175msw,0.05,-26.33454673076923,5.666234423076923,0.5998501654008256
Barber,175msw,0.055,-26.005966884615383,5.794010769230768,0.5879212216115489
Barber,175msw,0.06,-25.66293546153846,5.918237384615383,0.5775490297366753
Barber,175msw,0.065,-25.33742946153846,6.023820096153846,0.5676872906001871
Barber,175msw,0.07,-25.007707269230764,6.125665307692306,0.5590481819731139
Barber,175msw,0.075,-24.711014326923078,6.21133423076923,0.5507851854074437
Barber,175msw,0.08,-24.49243523076923,6.293210153846155,0.5434180382195993
Barber,175msw,0.085,-24.46457661538462,6.360884865384614,0.5364834387384084
Barber,175msw,0.09,-24.441816038461543,6.424654961538462,0.530150461404589
Barber,175msw,0.095,-24.489259192307696,6.475218173076922,0.5240181926196681
Barber,175msw,0.1,-24.574266538461536,6.521586923076923,0.5182977904549975
Barber,175msw,0.105,-24.63672301923077,6.554678634615384,0.5134140796358792
Barber,175msw,0.11,-24.673456615384605,6.583063346153848,0.5088531906010237
Barber,175msw,0.115,-24.60554753846154,6.597740961538461,0.5062063964660395
Barber,175msw,0.12,-24.488856000000006,6.607023692307694,0.5039415057043799
Barber,175msw,0.125,-24.275670192307697,6.602529807692308,0.504320220563
Barber,175msw,0.13,-24.0188231923077,6.592190961538463,0.5047424829478342
Barber,175msw,0.135,-23.70292788461539,6.568914346153846,0.5078229752995164
Barber,175msw,0.14,-23.354652307692312,6.539745,0.5107626551974846
Barber,175msw,0.145,-22.90317971153846,6.498964134615384,0.5155401140062973
Barber,175msw,0.15,-22.467878653846153,6.452287115384616,0.5199703406467102
Barber,175msw,0.155,-22.091856134615384,6.39528546153846,0.5259101684110992
Barber,175msw,0.16,-21.671017384615382,6.332586307692308,0.5311979834752887
Barber,175msw,0.165,-21.068032288461538,6.260444403846152,0.5377977679368037
Barber,175msw,0.17,-20.49655538461538,6.182829307692308,0.5436987898524874
Barber,175msw,0.17500000000000002,-20.050896826923072,6.094202884615385,0.5528991090430707
Barber,175msw,0.18,-19.487212846153845,5.999220846153846,0.5630407197145413
Barber,175msw,0.185,-18.857244269230765,5.884413346153847,0.5880209570018246
Barber,175msw,0.19,-18.32884630769231,5.756302538461538,0.6210904169927666
Barber,175msw,0.195,-17.783001115384614,5.59612325,0.6719417774983625
Barber,175msw,0.2,-17.184563076923077,5.4043076923076905,0.7327841257534263
Barber,175msw,0.20500000000000002,-16.59621511538461,5.176428961538461,0.8030386662237158
Barber,175msw,0.21,-16.001993269230766,4.924011192307692,0.8634508354512953
Barber,175msw,0.215,-15.396729384615384,4.613139807692307,0.8699276332971507
Barber,175msw,0.22,-14.837166384615383,4.285748615384617,0.8425361217612835
Barber,175msw,0.225,-14.229700480769228,3.9614047115384614,0.7884006001704943
Barber,175msw,0.23,-13.482548961538459,3.6485151153846163,0.7288564476579483
Barber,175msw,0.23500000000000001,-12.781444288461536,3.3634685384615377,0.6705289424796107
Barber,175msw,0.24,-12.172354461538463,3.0959826153846155,0.6165165241899958
Barber,175msw,0.245,-11.574869961538466,2.853482942307693,0.5664990203540535
Barber,175msw,0.25,-10.966978846153845,2.626604807692308,0.5207843971532098
Barber,175msw,0.255,-10.463706134615384,2.420901846153846,0.4786276069338724
Barber,175msw,0.26,-9.988735538461535,2.2286669230769234,0.4401160989442639
Barber,175msw,0.265,-9.305714846153846,2.0540342115384607,0.40445975877754253
Barber,175msw,0.27,-8.642881384615382,1.8910103461538457,0.37197276884635827
Barber,175msw,0.275,-8.039601826923075,1.7427513461538455,0.34180833658957205
Barber,175msw,0.28,-7.415485384615382,1.6045026153846154,0.31440068016160977
Barber,175msw,0.28500000000000003,-6.889981826923075,1.4786420192307683,0.2888970143412326
Barber,175msw,0.29,-6.397424615384616,1.3614129615384616,0.2657692137677525
Barber,175msw,0.295,-5.8071772692307695,1.2545471538461541,0.24418881465680517
Barber,175msw,0.3,-5.199387692307692,1.155125,0.22466576859603277
Barber,175msw,0.305,-4.664535711538461,1.0644094230769232,0.20641799666843358
Barber,175msw,0.31,-4.097241807692308,0.9801153076923079,0.18994094881745363
Barber,175msw,0.315,-3.5444219230769245,0.9031066923076924,0.17451159333733696
Barber,175msw,0.32,-2.9804093846153856,0.8316175384615385,0.1606061930909627
Barber,175msw,0.325,-2.4052131730769237,0.7662322115384618,0.14756115434880998
Barber,175msw,0.33,-1.8315776153846146,0.7056078461538462,0.13581702665398834
Barber,175msw,0.335,-1.2306158076923066,0.6500964807692309,0.12478114173812799
Barber,175msw,0.34,-0.7002492307692292,0.5986904615384612,0.1148547564512645
Barber,175msw,0.34500000000000003,-0.1734995384615348,0.5515632115384613,0.10552071495574954
Barber,175msw,0.35000000000000003,0.3704657692307728,0.5079649999999997,0.09714011210023457
Barber,175msw,0.355,0.8206005384615375,0.46795805769230786,0.08924989849006587
Barber,175msw,0.36,1.2158969230769228,0.4309952307692307,0.0821706992585499
Barber,175msw,0.365,1.6682321346153854,0.3970278461538462,0.07550392477136654
Barber,175msw,0.37,2.183711115384615,0.3656817307692308,0.06951546647747794
Barber,175msw,0.375,2.678329326923076,0.3368480769230769,0.0638702101632817
Barber,175msw,0.38,3.1675463076923083,0.3102683076923076,0.05881371883835976
Barber,175msw,0.385,3.7082515576923094,0.2858272115384616,0.054059294829341194
Barber,175msw,0.39,4.221201500000001,0.2632507692307692,0.049767898386338355
Barber,175msw,0.395,4.648112192307693,0.2425250384615385,0.04575102470666705
Barber,175msw,0.4,5.0201115384615385,0.22335461538461537,0.04212129648004396
Barber,175msw,0.405,5.422170500000002,0.20579238461538452,0.038731578332183554
Barber,175msw,0.41000000000000003,5.928983923076927,0.18950815384615377,0.03564644981426545
Barber,175msw,0.41500000000000004,6.445945653846161,0.17461615384615375,0.03277968744094929
Barber,175msw,0.42,6.924250923076921,0.16078915384615386,0.030170090064744463
Barber,175msw,0.425,7.433076826923076,0.14816067307692307,0.027749139726423646
Barber,175msw,0.43,7.939644807692307,0.13641219230769233,0.025539284984900042
Barber,175msw,0.435,8.351834884615382,0.12571938461538462,0.023498357420625286
Barber,175msw,0.44,8.715140153846153,0.11574876923076925,0.02162734124330677
Barber,175msw,0.445,9.175263153846155,0.10668192307692308,0.019899437638310435
Barber,175msw,0.45,9.67753519230769,0.09821326923076922,0.018314319373643747
Barber,175msw,0.455,10.111086057692308,0.09051951923076922,0.016850069864315774
Barber,175msw,0.46,10.494533692307694,0.08332146153846152,0.01550947376538901
Barber,175msw,0.465,10.850205711538463,0.07680269230769227,0.014274662249861927
Barber,175msw,0.47000000000000003,11.203046346153847,0.07069453846153842,0.013139523010399891
Barber,175msw,0.47500000000000003,11.576728653846157,0.06517192307692302,0.012092243029896583
Barber,175msw,0.48,11.969434153846152,0.05997907692307694,0.011128755949974051
Barber,175msw,0.485,12.311864826923076,0.055292865384615385,0.010239922114673089
Barber,175msw,0.49,12.602007346153847,0.05088638461538461,0.009431727111913778
Barber,175msw,0.495,12.89382351923077,0.046920230769230784,0.008681131739218603
Barber,175msw,0.5,13.179494230769231,0.04317884615384616,0.00798486757605288
Barber,175msw,0.505,13.340722903846155,0.039814615384615386,0.007347699082951714
Barber,175msw,0.51,13.461894346153843,0.0366406923076923,0.006775918573943318
Barber,175msw,0.515,13.585005673076925,0.03377971153846153,0.006243595974727713
Barber,175msw,0.52,13.679389538461539,0.031082307692307694,0.005749615122699223
Barber,175msw,0.525,13.720573076923076,0.02865442307692308,0.005286663659429167
Barber,175msw,0.53,13.72673246153846,0.02637576923076923,0.004863540324209012
Barber,175msw,0.535,13.666396865384614,0.024318038461538453,0.004477421875629642
Barber,175msw,0.54,13.569185846153848,0.02238846153846153,0.004130580264980187
Barber,175msw,0.545,13.426146288461542,0.020637615384615386,0.0038103284668316918
Barber,175msw,0.55,13.235307500000001,0.01722903846153846,0.009992495358944167
Barber,175msw,0.555,12.918786653846155,0.004530346153846083,0.0532313462523891
Barber,175msw,0.56,12.53024199999999,-0.04342815384615444,0.15494976668677005
Barber,175msw,0.5650000000000001,12.064318942307684,-0.11146342307692478,0.29687621975858747
Barber,175msw,0.5700000000000001,11.569619423076912,-0.22678400000000443,0.46018907244698665
Barber,175msw,0.5750000000000001,11.052599711538447,-0.4674707692307751,0.6631955188389521
Barber,175msw,0.58,10.440459230769237,-0.8155067692307671,0.8707368461052133
Barber,175msw,0.585,9.706000019230771,-1.2474168653846134,1.0335559222729787
Barber,175msw,0.59,8.984842192307692,-1.703956115384614,1.1682824138954297
Barber,175msw,0.595,8.229132076923078,-2.207542711538461,1.245458441838912
Barber,175msw,0.6,7.321075384615384,-2.736845384615385,1.2792224068557334
Barber,175msw,0.605,6.381055442307693,-3.2657887500000005,1.2967078250308268
Barber,175msw,0.61,5.45378696153846,-3.7847953846153857,1.3110028216148149
Barber,175msw,0.615,4.48954303846154,-4.294571576923076,1.3240085755237523
Barber,175msw,0.62,3.50432707692308,-4.793185769230768,1.3334828450925422
Barber,175msw,0.625,2.462325480769231,-5.281592788461538,1.3425107356287782
Barber,175msw,0.63,1.426802115384614,-5.7578183076923075,1.348228233833397
Barber,175msw,0.635,0.38422926923076595,-6.2224941730769245,1.354041683175815
Barber,175msw,0.64,-0.611538000000001,-6.6743960000000015,1.3563088486147867
Barber,175msw,0.645,-1.4646163846153837,-7.113802942307692,1.3588191633813635
Barber,175msw,0.65,-2.492677307692308,-7.539517499999999,1.357517293191487
Barber,175msw,0.655,-3.791222250000002,-7.951799865384617,1.3567990183066025
Barber,175msw,0.66,-4.928521153846157,-8.349678461538462,1.352104554635682
Barber,175msw,0.665,-5.985626461538469,-8.732661000000002,1.3487782215970139
Barber,175msw,0.67,-7.168714423076927,-9.101407230769233,1.341581564786941
Barber,175msw,0.675,-8.303416057692314,-9.453889423076921,1.3363414654186492
Barber,175msw,0.68,-9.31677153846154,-9.792341538461537,1.327446395038616
Barber,175msw,0.685,-10.300477403846163,-10.114078019230769,1.320970102270715
Barber,175msw,0.6900000000000001,-11.43833696153848,-10.422064692307698,1.311164905802052
Barber,175msw,0.6950000000000001,-12.688423519230794,-10.713463192307696,1.3040192350887774
Barber,175msw,0.7000000000000001,-13.794861923076938,-10.991100769230773,1.2939988467921477
Barber,175msw,0.705,-14.779773596153838,-11.252199,1.2862876661797669
Barber,175msw,0.71,-15.807839115384608,-11.500049269230768,1.2762043170707593
Barber,175msw,0.715,-16.872137788461536,-11.732222019230772,1.2682136370731687
Barber,175msw,0.72,-17.97850415384615,-11.951297846153842,1.2525567367604455
Barber,175msw,0.725,-19.012683173076923,-12.15793057692308,1.221049786759861
Barber,175msw,0.73,-19.944086807692308,-12.357447961538462,1.1850277415126518
Barber,175msw,0.735,-20.923427730769227,-12.529282826923076,1.1581583570037783
Barber,175msw,0.74,-21.860130769230768,-12.680347461538458,1.13676432493548
Barber,175msw,0.745,-22.680291096153844,-12.819557326923077,1.1162567035987352
Barber,175msw,0.75,-23.458385576923078,-12.952324038461537,1.0864742427758798
Barber,175msw,0.755,-24.390996442307692,-13.061597115384615,1.0542245924057378
Barber,175msw,0.76,-25.473667230769234,-13.157386153846154,1.020074064893619
Barber,175msw,0.765,-26.394101403846157,-13.24997978846154,0.9841389314840365
Barber,175msw,0.77,-27.229616192307695,-13.334232884615385,0.9487005800095656
Barber,175msw,0.775,-28.06293528846154,-13.405291250000005,0.9209776767442179
Barber,175msw,0.78,-28.92345007692308,-13.46923023076923,0.8940515613340165
Barber,175msw,0.785,-29.76602651923077,-13.522327576923074,0.8707582119058066
Barber,175msw,0.79,-30.55035542307693,-13.568456269230769,0.8477047619879929
Barber,175msw,0.795,-31.25241005769231,-13.603577634615384,0.8278117648050232
Barber,175msw,0.8,-31.937300769230774,-13.63172076923077,0.8085057838807581
Barber,175msw,0.805,-32.65143584615385,-13.648274019230772,0.7933586697596963
Barber,175msw,0.81,-33.34219665384615,-13.65752338461538,0.7798267895366288
Barber,175msw,0.8150000000000001,-34.026855076923084,-13.652910538461537,0.7727643407392774
Barber,175msw,0.8200000000000001,-34.69347284615385,-13.640121076923077,0.7682862452366067
Barber,175msw,0.8250000000000001,-35.23780500000001,-13.61041278846154,0.7717045258712413
Barber,175msw,0.8300000000000001,-35.75748938461539,-13.571631807692306,0.7783425514271693
Barber,175msw,0.835,-36.26004803846154,-13.514547769230772,0.7930084746713868
Barber,175msw,0.84,-36.723532923076924,-13.448116769230769,0.8113516058809288
Barber,175msw,0.845,-37.15265173076923,-13.361679346153844,0.8372735709404888
Barber,175msw,0.85,-37.552160384615384,-13.263760961538463,0.8684097034290049
Barber,175msw,0.855,-37.81118457692308,-13.141617557692307,0.9036478223212668
Barber,175msw,0.86,-38.01172584615385,-12.99679776923077,0.9200119759869895
Barber,175msw,0.865,-38.19238388461538,-12.821366807692309,0.9543855017462411
Barber,175msw,0.87,-38.381738923076924,-12.622785230769235,1.0056291536189328
Barber,175msw,0.875,-38.54018125,-12.3565375,1.0904271167956479
Barber,175msw,0.88,-38.66851430769231,-12.06119769230769,1.1935621144024426
Barber,175msw,0.885,-38.692261711538464,-11.664858961538462,1.2602550052931667
Barber,175msw,0.89,-38.677020846153845,-11.234198961538462,1.319434043284628
Barber,175msw,0.895,-38.6273488076923,-10.754453480769232,1.3730472730604437
Barber,175msw,0.9,-38.560372692307695,-10.251314230769228,1.4377572700675523
Barber,175msw,0.905,-38.413381288461544,-9.67417617307692,1.515323558192257
Barber,175msw,0.91,-38.24537015384616,-9.06700192307692,1.595507406751411
Barber,175msw,0.915,-38.02423619230769,-8.37572484615384,1.6653100708509205
Barber,175msw,0.92,-37.81584292307692,-7.66571738461538,1.7280993195050394
Barber,175msw,0.925,-37.57938971153846,-6.91104615384615,1.733469718230945
Barber,175msw,0.93,-37.30656638461538,-6.15325769230769,1.7345191047516668
Barber,175msw,0.935,-36.936745615384616,-5.395469230769224,1.735633874403335
Barber,175msw,0.9400000000000001,-36.54587061538461,-4.637680769230757,1.7368139012879587
Barber,175msw,0.9450000000000001,-36.19198857692307,-3.8798923076922947,1.7380590524895372
Barber,175msw,0.9500000000000001,-35.84843846153846,-3.122410961538445,1.7391846012969692
Barber,175msw,0.9550000000000001,-35.3625356153846,-2.3833153461538306,1.7186238679275356
Barber,175msw,0.96,-34.85973461538461,-1.644997384615388,1.69898444836055
Barber,175msw,0.965,-34.344914384615386,-0.9596383269230796,1.6211419672999319
Barber,175msw,0.97,-33.82754207692308,-0.2813932692307709,1.5397715484410854
Barber,175msw,0.975,-33.25305009615384,0.3336259615384612,1.4312505994449662
Barber,175msw,0.98,-32.67377607692308,0.9433753076923087,1.3289427307702388
Barber,175msw,0.985,-32.02529082692308,1.44994823076923,1.2249042519305198
Barber,175msw,0.99,-31.37503084615384,1.950579269230767,1.1300981525229274
Barber,175msw,0.995,-30.87793551923077,2.3523882884615377,1.0413107443549225
Barber,175msw,1.0,-30.38489230769231,2.7517499999999995,0.9563237765406248
Barber,175msr,0.0,-28.284525000000006,4.5187937499999995,0.7878765928658736
Barber,175msr,0.005,-28.28565134375,4.553220999999999,0.6446362340982024
Barber,175msr,0.01,-28.286269562500003,4.5875949375,0.518534131579888
Barber,175msr,0.015,-28.30597040625,4.5927531875000005,0.4429039111826301
Barber,175msr,0.02,-28.329294124999997,4.58381975,0.4364043449112733
Barber,175msr,0.025,-28.377567031250006,4.5576240625,0.49148171132275725
Barber,175msr,0.03,-28.401843187499995,4.510039187499999,0.5886883768660226
Barber,175msr,0.035,-28.35369465625,4.4459778750000005,0.7093412271672284
Barber,175msr,0.04,-28.25465175,4.368926,0.8374609397613717
Barber,175msr,0.045,-28.211698781249996,4.26283309375,0.9668659396703191
Barber,175msr,0.05,-28.148189374999998,4.15227375,1.095418647315234
Barber,175msr,0.055,-28.001257,4.0393884375,1.214732910970644
Barber,175msr,0.06,-27.791480875,3.9311779999999996,1.326524938827009
Barber,175msr,0.065,-27.622034500000005,3.822089718749999,1.428238514581226
Barber,175msr,0.07,-27.426055937500006,3.7144987499999997,1.5265216851938062
Barber,175msr,0.075,-27.16953328125,3.6087064062500005,1.6103586500511329
Barber,175msr,0.08,-26.89917475,3.5045822500000003,1.6926261757824548
Barber,175msr,0.085,-26.627956812499995,3.405304,1.7604915546512678
Barber,175msr,0.09,-26.388086249999994,3.3080176249999997,1.8236681476104306
Barber,175msr,0.095,-26.18688265625,3.21175503125,1.877102350817856
Barber,175msr,0.1,-25.872475,3.12148625,1.9220027906941077
Barber,175msr,0.105,-25.538148125000003,3.0303747500000005,1.960821423973764
Barber,175msr,0.11,-25.240379187500004,2.9434086875,1.9910924326848098
Barber,175msr,0.115,-24.96965896875,2.8584725625,2.0149436159496723
Barber,175msr,0.12,-24.707527750000004,2.77423425,2.0328977544780593
Barber,175msr,0.125,-24.46960703125,2.6932687499999997,2.04354360594876
Barber,175msr,0.13,-24.254844499999997,2.6125331875000004,2.0496660613713766
Barber,175msr,0.135,-24.05408934375,2.5337052187499998,2.0489644990105975
Barber,175msr,0.14,-23.721251125000002,2.4573945,2.044280152326914
Barber,175msr,0.145,-23.301601906250003,2.38172765625,2.034140650023391
Barber,175msr,0.15,-22.857339375,2.3081365625000005,2.020836414549925
Barber,175msr,0.155,-22.381832093750003,2.236050625,2.003409697465373
Barber,175msr,0.16,-21.94666075,2.16385075,1.9800201679814875
Barber,175msr,0.165,-21.55416765625,2.0847328437500003,1.942827122608641
Barber,175msr,0.17,-21.294780937500004,1.9899597500000001,1.8773849563844949
Barber,175msr,0.17500000000000002,-20.95686265625,1.8688840624999998,1.7718295575945013
Barber,175msr,0.18,-20.297813500000004,1.74830525,1.6616985989176671
Barber,175msr,0.185,-19.55818159375,1.6347438125000002,1.5600338017055901
Barber,175msr,0.19,-18.830227374999996,1.5198628749999998,1.448615121497161
Barber,175msr,0.195,-18.188774875,1.412,1.3409593183079325
Barber,175msr,0.2,-17.6555275,1.3099524999999996,1.2396875361532638
Barber,175msr,0.20500000000000002,-17.250447812500003,1.2169850625,1.1474974027943354
Barber,175msr,0.21,-16.794787875000004,1.1285605625000004,1.0593486182566962
Barber,175msr,0.215,-16.23222221875,1.0487051562500003,0.9815025678444937
Barber,175msr,0.22,-15.73098725,0.9727064999999997,0.9061529335141226
Barber,175msr,0.225,-15.127608593750002,0.9038971874999998,0.8395131387581486
Barber,175msr,0.23,-14.559662874999997,0.8386296249999998,0.7757529220745703
Barber,175msr,0.23500000000000001,-13.93118203125,0.77905009375,0.718127425736443
Barber,175msr,0.24,-13.219226749999999,0.7233355,0.6640425408087572
Barber,175msr,0.245,-12.50108140625,0.6715757499999999,0.6142669740393321
Barber,175msr,0.25,-11.9126609375,0.62379375,0.5685449908332343
Barber,175msr,0.255,-11.498403125000001,0.5793021562499999,0.5259103813860458
Barber,175msr,0.26,-10.998459875,0.5379987499999999,0.4869243244144181
Barber,175msr,0.265,-10.356094218749996,0.49999643749999995,0.4507230667313866
Barber,175msr,0.27,-9.664919062499997,0.4640463124999998,0.41702425457650505
Barber,175msr,0.275,-8.982190156249997,0.4314660937499998,0.38635929211131537
Barber,175msr,0.28,-8.401532249999999,0.4005199999999999,0.3570543625500183
Barber,175msr,0.28500000000000003,-7.910269874999997,0.37230271874999976,0.33121704657156864
Barber,175msr,0.29,-7.438544937500002,0.3457348125000001,0.30603311239619546
Barber,175msr,0.295,-6.926936906250003,0.3214111250000001,0.2839107104222262
Barber,175msr,0.3,-6.508855625000001,0.29857249999999996,0.26266082338969016
Barber,175msr,0.305,-6.12525884375,0.2775229375,0.24335424592671193
Barber,175msr,0.31,-5.743311124999999,0.257879375,0.22542685172519794
Barber,175msr,0.315,-5.2445360625,0.239642,0.20859696959350524
Barber,175msr,0.32,-4.7935045,0.22287125000000005,0.19344193632828818
Barber,175msr,0.325,-4.51117046875,0.20701109374999999,0.1789475497242679
Barber,175msr,0.33,-4.172769437499999,0.19254987499999998,0.16603304063833008
Barber,175msr,0.335,-3.7361782812499986,0.17898668749999996,0.15374396491467096
Barber,175msr,0.34,-3.389638499999999,0.16634837499999994,0.14252360282987991
Barber,175msr,0.34500000000000003,-3.061715781249998,0.15474809374999995,0.13210564111112674
Barber,175msr,0.35000000000000003,-2.743978749999998,0.14377218749999995,0.12231349040182497
Barber,175msr,0.355,-2.482973093750001,0.13384925000000003,0.1134942472625265
Barber,175msr,0.36,-2.186333000000001,0.12450425,0.10497400272894951
Barber,175msr,0.365,-1.8864099062500006,0.11636278124999999,0.0972824047400095
Barber,175msr,0.37,-1.6334407500000006,0.11048556250000001,0.0896379199195078
Barber,175msr,0.375,-1.4513226562500003,0.10557656249999998,0.0831822156091814
Barber,175msr,0.38,-1.3096071249999999,0.102213375,0.07913439448722266
Barber,175msr,0.385,-1.2189685000000003,0.09925321875,0.07851047017396166
Barber,175msr,0.39,-1.1320899999999998,0.09622668749999999,0.08049832045819244
Barber,175msr,0.395,-1.0810915937499994,0.08969812499999996,0.07512314270842656
Barber,175msr,0.4,-0.9931212499999995,0.0836275,0.0701980042006181
Barber,175msr,0.405,-0.8993483437499998,0.07789812499999998,0.06550765453353044
Barber,175msr,0.41000000000000003,-0.8943322500000004,0.07264181249999997,0.06121726273202961
Barber,175msr,0.41500000000000004,-0.9047674375000001,0.06768209374999998,0.05710859533386226
Barber,175msr,0.42,-0.9300332499999999,0.05425387500000022,0.06906238184955905
Barber,175msr,0.425,-0.9983892187499999,0.018342968750000088,0.17362701458788618
Barber,175msr,0.43,-1.0802929999999997,-0.017715500000000047,0.2915795205394236
Barber,175msr,0.435,-1.1376381875,-0.0565333125,0.42369409898876614
Barber,175msr,0.44,-1.2388192499999997,-0.1335669999999999,0.5654998443563004
Barber,175msr,0.445,-1.38003575,-0.21723034374999994,0.7198912459517045
Barber,175msr,0.45,-1.5626168750000002,-0.34794437500000036,0.8738616471460087
Barber,175msr,0.455,-1.7940260000000006,-0.571622968750001,1.0523837439231194
Barber,175msr,0.46,-2.053233375000001,-0.7972228750000011,1.2677998332473421
Barber,175msr,0.465,-2.3891387500000016,-1.0197545000000012,1.5054002156455475
Barber,175msr,0.47000000000000003,-2.760450750000003,-1.2393346250000017,1.7523160894742966
Barber,175msr,0.47500000000000003,-3.0914535937500016,-1.4556285937500018,2.0052801467603945
Barber,175msr,0.48,-3.362326749999999,-1.669080749999999,2.26074414072633
Barber,175msr,0.485,-3.656054999999999,-1.875054281249999,2.5117359918592337
Barber,175msr,0.49,-3.9866527499999984,-2.0749990624999994,2.752268111908123
Barber,175msr,0.495,-4.305883156249999,-2.2717784999999995,2.9878382344164502
Barber,175msr,0.5,-4.635590624999999,-2.451696875,3.204123251738919
Barber,175msr,0.505,-5.051913375000002,-2.6329375000000006,3.414599859232009
Barber,175msr,0.51,-5.531065250000001,-2.806412,3.608585985097244
Barber,175msr,0.515,-6.0357752812499985,-3.0483936874999995,3.7477527764678134
Barber,175msr,0.52,-6.559447,-3.3367094999999996,3.8448426073335877
Barber,175msr,0.525,-7.025906250000001,-3.679374687500001,3.8914669033064624
Barber,175msr,0.53,-7.530660875000003,-4.096198812500003,3.871535924038582
Barber,175msr,0.535,-8.117536468750007,-4.516414375000003,3.8317986217882174
Barber,175msr,0.54,-8.804198750000005,-4.941119375000001,3.790875878482619
Barber,175msr,0.545,-9.582433312500006,-5.345240281250002,3.752891048537144
Barber,175msr,0.55,-10.414477812500007,-5.7739021875000045,3.677035936135401
Barber,175msr,0.555,-11.150708375000008,-6.188780312500004,3.596103703747826
Barber,175msr,0.56,-11.846467500000008,-6.590349750000004,3.520281012587763
Barber,175msr,0.5650000000000001,-12.54307525000001,-6.978795750000005,3.447037853597807
Barber,175msr,0.5700000000000001,-13.090979250000009,-7.348662875000008,3.376833952928242
Barber,175msr,0.5750000000000001,-13.730734843750016,-7.700382656250006,3.3128232606483174
Barber,175msr,0.58,-14.505249624999998,-8.038541125,3.250681368759861
Barber,175msr,0.585,-15.293899593749995,-8.355764249999998,3.191489104930634
Barber,175msr,0.59,-16.12560712499999,-8.655696999999998,3.137070990379302
Barber,175msr,0.595,-16.9339936875,-8.948970749999999,3.0486140136189825
Barber,175msr,0.6,-17.66924875,-9.2378225,2.9112211383101347
Barber,175msr,0.605,-18.28270334375,-9.508712468750002,2.7696481396411192
Barber,175msr,0.61,-19.067482812499996,-9.764365875,2.6498795043522465
Barber,175msr,0.615,-19.942569656249997,-10.0098645,2.5353433528955143
Barber,175msr,0.62,-20.6592335,-10.224481625,2.4636880397282668
Barber,175msr,0.625,-21.342538281249997,-10.411395312500002,2.405589100001169
Barber,175msr,0.63,-21.92084025,-10.57975125,2.3058533783062964
Barber,175msr,0.635,-22.708505906250004,-10.742323718749999,2.152957140019171
Barber,175msr,0.64,-23.728132000000002,-10.867818250000003,1.9881117270777158
Barber,175msr,0.645,-24.727946718749998,-10.99160165625,1.8418515933439927
Barber,175msr,0.65,-25.667569062499997,-11.1114753125,1.7094326698539393
Barber,175msr,0.655,-26.585948781250003,-11.217779124999998,1.5929712627979542
Barber,175msr,0.66,-27.413695000000008,-11.329344,1.48535982121673
Barber,175msr,0.665,-28.121759406250007,-11.424947812500001,1.3915700522483896
Barber,175msr,0.67,-28.825861437500006,-11.491743125000001,1.3123994587111163
Barber,175msr,0.675,-29.565490468750006,-11.549072500000001,1.2484549381945436
Barber,175msr,0.68,-30.35394825000001,-11.586232499999998,1.2056169895226878
Barber,175msr,0.685,-31.156888687500015,-11.60056696875,1.1736488944922938
Barber,175msr,0.6900000000000001,-31.817015812500014,-11.599821312500001,1.164708833368705
Barber,175msr,0.6950000000000001,-32.29205834375001,-11.58465609375,1.1699770492464165
Barber,175msr,0.7000000000000001,-32.68245812500001,-11.559081250000002,1.1970413457556253
Barber,175msr,0.705,-33.043282593749986,-11.52073640625,1.2384780963177167
Barber,175msr,0.71,-33.50149725,-11.4713241875,1.2922247399547133
Barber,175msr,0.715,-34.04017271874999,-11.41233278125,1.3598383269276433
Barber,175msr,0.72,-34.5876825,-11.341468,1.431249173261595
Barber,175msr,0.725,-35.05145203125,-11.24647890625,1.5351735418379746
Barber,175msr,0.73,-35.445238437499995,-11.1305391875,1.66276869735474
Barber,175msr,0.735,-35.833841625,-10.969562031250002,1.8192401045847535
Barber,175msr,0.74,-36.18077925000001,-10.78272125,2.0144954411286053
Barber,175msr,0.745,-36.53604503125,-10.539768031250002,2.243668952801947
Barber,175msr,0.75,-36.90535625000001,-10.275804687499999,2.485176329826435
Barber,175msr,0.755,-37.18632228125001,-9.97564196875,2.712198863693481
Barber,175msr,0.76,-37.3147895,-9.648020999999998,2.9441707818815486
Barber,175msr,0.765,-37.38738921875,-9.301644531249996,3.187400671656088
Barber,175msr,0.77,-37.4849069375,-8.9642410625,3.4460584445169657
Barber,175msr,0.775,-37.56754703125,-8.586577031249998,3.706915342871982
Barber,175msr,0.78,-37.63394937500001,-8.199435249999997,3.969653950529497
Barber,175msr,0.785,-37.599834593749996,-7.792245624999998,4.231473881333725
Barber,175msr,0.79,-37.54845687499999,-7.3592156249999965,4.489328043071495
Barber,175msr,0.795,-37.454494437499996,-6.929485937499996,4.733303958138128
Barber,175msr,0.8,-37.355306250000005,-6.484938749999998,4.971958940420109
Barber,175msr,0.805,-37.27648275,-6.048714937499997,5.190664607657729
Barber,175msr,0.81,-37.2489753125,-5.619728562499995,5.3983229794524625
Barber,175msr,0.8150000000000001,-37.155568312499994,-5.203898406249996,5.589344382126696
Barber,175msr,0.8200000000000001,-36.979161624999996,-4.793835874999994,5.768832837067414
Barber,175msr,0.8250000000000001,-36.795725937499995,-4.401505468749995,5.935159055241556
Barber,175msr,0.8300000000000001,-36.606348,-4.027415437499995,6.079149127890373
Barber,175msr,0.835,-36.35855203125,-3.657244968750003,6.221812499503254
Barber,175msr,0.84,-36.05618575,-3.303753250000002,6.350094132952946
Barber,175msr,0.845,-35.71207090625,-2.982420281250002,6.456885879576818
Barber,175msr,0.85,-35.3788190625,-2.6848215625,6.545943027911142
Barber,175msr,0.855,-34.9805248125,-2.402827906249999,6.617850600114524
Barber,175msr,0.86,-34.523927,-2.1360807499999996,6.676531500460434
Barber,175msr,0.865,-34.126618500000006,-1.88763678125,6.71592387513121
Barber,175msr,0.87,-33.784351625,-1.6294543750000006,6.725978883283087
Barber,175msr,0.875,-33.4948578125,-1.3626015624999996,6.692996263851284
Barber,175msr,0.88,-33.23742425,-1.0878389999999996,6.633195161640958
Barber,175msr,0.885,-33.0263458125,-0.7793137187499992,6.5046571270106615
Barber,175msr,0.89,-32.796772,-0.4758471249999993,6.3615944399122615
Barber,175msr,0.895,-32.56676303125,-0.183049249999999,6.21215307406631
Barber,175msr,0.9,-32.305820625,0.12575187500000173,6.010061513791079
Barber,175msr,0.905,-32.008852624999996,0.42818034375000263,5.797127446304416
Barber,175msr,0.91,-31.7689149375,0.7203826250000023,5.575616263648897
Barber,175msr,0.915,-31.505831625000003,1.001923968750002,5.34586103324852
Barber,175msr,0.92,-31.235476249999998,1.2757270000000016,5.110389848416554
Barber,175msr,0.925,-30.9536371875,1.536732500000002,4.865430533398514
Barber,175msr,0.93,-30.6788008125,1.793661625000002,4.617650180912457
Barber,175msr,0.935,-30.480639031249996,2.038004375000002,4.360466335056503
Barber,175msr,0.9400000000000001,-30.314115625,2.2794390000000027,4.101411608377289
Barber,175msr,0.9450000000000001,-30.200714374999997,2.511383406250003,3.835455086970618
Barber,175msr,0.9500000000000001,-30.0938615625,2.7375200000000035,3.566784215878145
Barber,175msr,0.9550000000000001,-29.970601125,2.9552055937500037,3.294110898240536
Barber,175msr,0.96,-29.815123999999997,3.165647499999999,3.017402436428353
Barber,175msr,0.965,-29.661977,3.3572692812499985,2.749726972032004
Barber,175msr,0.97,-29.524822875,3.5403979374999985,2.4800899289145133
Barber,175msr,0.975,-29.4019578125,3.7111918749999986,2.2141285300026037
Barber,175msr,0.98,-29.330725,3.857384624999999,1.9737265525066698
Barber,175msr,0.985,-29.26624375,3.993224187499999,1.7377568048691838
Barber,175msr,0.99,-29.172434624999998,4.098589,1.5376282548484375
Barber,175msr,0.995,-29.09795915625,4.1797818125,1.3556488633863548
Barber,175msr,1.0,-29.023699999999998,4.26094375,1.1760903451525044
