subject,speed_label,phase,angle_mean_deg,torque_mean_Nm,torque_sd_Nm,torque_scaling_factor
Barber,2msr,0.0,-25.4037,4.9099375,0.623652627544974,1.0
Barber,2msr,0.005,-25.16989753125,5.059224749999999,0.5753737543510848,1.0
Barber,2msr,0.01,-24.9360950625,5.208512,0.5288426335551057,1.0
Barber,2msr,0.015,-24.717416,5.338574499999999,0.487457766369303,1.0
Barber,2msr,0.02,-24.505937999999997,5.45263475,0.4497378852992457,1.0
Barber,2msr,0.025,-24.297541562500005,5.563424374999999,0.41604688321910094,1.0
Barber,2msr,0.03,-24.176614375000003,5.643554937499999,0.387574168307414,1.0
Barber,2msr,0.035,-24.056845937500007,5.7235922187499995,0.3632410707944592,1.0
Barber,2msr,0.04,-23.966957500000003,5.7833975,0.34423967594068816,1.0
Barber,2msr,0.045,-23.889415468749995,5.83171203125,0.32936478428296595,1.0
Barber,2msr,0.05,-23.797095312499998,5.874785,0.32046784477444074,1.0
Barber,2msr,0.055,-23.706747156249996,5.896323375000001,0.3118304184429866,1.0
Barber,2msr,0.06,-23.617463375,5.91773175,0.3092974733867663,1.0
Barber,2msr,0.065,-23.5272194375,5.924073406250001,0.3110962814136695,1.0
Barber,2msr,0.07,-23.449878625,5.9248756875,0.31690178021031185,1.0
Barber,2msr,0.075,-23.422620000000002,5.920410156249998,0.3266435222162456,1.0
Barber,2msr,0.08,-23.516546,5.902650750000001,0.33846991741576893,1.0
Barber,2msr,0.085,-23.612252031249998,5.884382031250001,0.35332174104235675,1.0
Barber,2msr,0.09,-23.794278312499998,5.856525625,0.36681483787768776,1.0
Barber,2msr,0.095,-23.988256968749997,5.8259284375,0.3816502139456722,1.0
Barber,2msr,0.1,-24.249903125000003,5.79012875,0.39712228804354144,1.0
Barber,2msr,0.105,-24.655652125,5.745708500000001,0.4132044975792479,1.0
Barber,2msr,0.11,-25.082001374999997,5.699153625,0.4334028186192487,1.0
Barber,2msr,0.115,-25.40915284375,5.6162415625,0.5207798245030859,1.0
Barber,2msr,0.12,-25.65585025,5.5236012500000005,0.6245204484045639,1.0
Barber,2msr,0.125,-25.851433593750006,5.380896875,0.7831857390339612,1.0
Barber,2msr,0.13,-26.019863875000002,5.187866437499999,1.0038865661516476,1.0
Barber,2msr,0.135,-26.1591629375,4.997077875,1.2275153968881038,1.0
Barber,2msr,0.14,-26.258672624999996,4.8004165,1.38361691885209,1.0
Barber,2msr,0.145,-26.349111125000004,4.5997221875,1.5508690885688183,1.0
Barber,2msr,0.15,-26.408552500000003,4.4447559375,1.6038182151911133,1.0
Barber,2msr,0.155,-26.401352156250002,4.30769103125,1.6143222194295705,1.0
Barber,2msr,0.16,-26.352442000000003,4.171510499999999,1.6272116357627702,1.0
Barber,2msr,0.165,-26.16578471875,4.0020524375,1.6112368871794083,1.0
Barber,2msr,0.17,-25.944435624999997,3.823154687499999,1.5882491102931051,1.0
Barber,2msr,0.17500000000000002,-25.677806250000003,3.6198964062499988,1.53735745348755,1.0
Barber,2msr,0.18,-25.4323815,3.4150122499999997,1.4774788341037028,1.0
Barber,2msr,0.185,-25.169953406250002,3.2116669687500004,1.4158773846429493,1.0
Barber,2msr,0.19,-24.811186125,3.0275449375,1.3592871947440168,1.0
Barber,2msr,0.195,-24.372386437499998,2.8417915937499996,1.2910853517706067,1.0
Barber,2msr,0.2,-23.922469999999997,2.6603862499999993,1.2081882986463397,1.0
Barber,2msr,0.20500000000000002,-23.507003968749995,2.4894707812499997,1.1271300116225909,1.0
Barber,2msr,0.21,-23.118610562500002,2.3281115,1.0553621612319275,1.0
Barber,2msr,0.215,-22.683411468749995,2.181466,0.9866628394599742,1.0
Barber,2msr,0.22,-22.161564874999996,2.04079425,0.9227059041484656,1.0
Barber,2msr,0.225,-21.523138749999998,1.9104714062499994,0.8629793806338563,1.0
Barber,2msr,0.23,-20.902146374999997,1.7879663124999994,0.8058724807982739,1.0
Barber,2msr,0.23500000000000001,-20.369014906249998,1.6721459687499993,0.7540559435564002,1.0
Barber,2msr,0.24,-19.85042025,1.566197,0.7044648405073173,1.0
Barber,2msr,0.245,-19.269503000000004,1.46553503125,0.6593632418058365,1.0
Barber,2msr,0.25,-18.625571874999995,1.37189375,0.6163732235132074,1.0
Barber,2msr,0.255,-17.979630031249997,1.2840982812499997,0.5761582747671469,1.0
Barber,2msr,0.26,-17.36789175,1.200969625,0.5387576789156785,1.0
Barber,2msr,0.265,-16.763785437499997,1.12441709375,0.502966491135537,1.0
Barber,2msr,0.27,-16.076142312499996,1.0523843124999996,0.47115805881568523,1.0
Barber,2msr,0.275,-15.342442499999997,0.9851004687499996,0.44022584298007145,1.0
Barber,2msr,0.28,-14.546279749999995,0.9221829999999995,0.411913317069259,1.0
Barber,2msr,0.28500000000000003,-13.806980812499994,0.8625194687499995,0.38491931060481127,1.0
Barber,2msr,0.29,-13.110554375,0.807642875,0.3596435785086179,1.0
Barber,2msr,0.295,-12.273683343750001,0.7556804687500002,0.3366590225134824,1.0
Barber,2msr,0.3,-11.393008125000001,0.7073343750000002,0.31441155576665664,1.0
Barber,2msr,0.305,-10.484943625000001,0.6622602500000001,0.2944768290371609,1.0
Barber,2msr,0.31,-9.742362624999998,0.6194328124999999,0.27500973409618135,1.0
Barber,2msr,0.315,-9.15604940625,0.5801223437499999,0.25719611361667666,1.0
Barber,2msr,0.32,-8.651815249999999,0.5426097499999998,0.24055858056601823,1.0
Barber,2msr,0.325,-8.028504218749998,0.50786796875,0.2245603379213666,1.0
Barber,2msr,0.33,-7.367603187499997,0.4756072499999998,0.21049205582767838,1.0
Barber,2msr,0.335,-6.672710249999996,0.4448282499999997,0.19647908758289315,1.0
Barber,2msr,0.34,-5.925055249999995,0.41666862499999985,0.18392239005178063,1.0
Barber,2msr,0.34500000000000003,-5.152646843749995,0.3895916874999998,0.1718826775967835,1.0
Barber,2msr,0.35000000000000003,-4.512037812499996,0.36477218749999984,0.16056015385565725,1.0
Barber,2msr,0.355,-3.9809096875000005,0.3415542187500001,0.15046269384260683,1.0
Barber,2msr,0.36,-3.475243,0.3194375,0.14038038672745562,1.0
Barber,2msr,0.365,-2.93879571875,0.2992680625,0.13152911368672277,1.0
Barber,2msr,0.37,-2.3981298124999992,0.27972593749999997,0.12281211028257183,1.0
Barber,2msr,0.375,-1.7582062499999986,0.26204765625,0.11485296580529585,1.0
Barber,2msr,0.38,-1.2231579999999982,0.24528599999999995,0.10753885251154578,1.0
Barber,2msr,0.385,-0.8178559062499993,0.22938646875000002,0.10028270940204322,1.0
Barber,2msr,0.39,-0.506368374999999,0.21493243749999993,0.09404481736648805,1.0
Barber,2msr,0.395,-0.10461574999999856,0.20088403124999996,0.08761964208181801,1.0
Barber,2msr,0.4,0.26928375000000127,0.18836374999999994,0.0819138038485425,1.0
Barber,2msr,0.405,0.5610033437500016,0.18086324999999992,0.0702811752631883,1.0
Barber,2msr,0.41000000000000003,0.8346972500000025,0.17847343749999994,0.06617250312249114,1.0
Barber,2msr,0.41500000000000004,1.120386125000003,0.17946403125000035,0.07842788982252827,1.0
Barber,2msr,0.42,1.4061643749999997,0.20918250000000005,0.13241646814973582,1.0
Barber,2msr,0.425,1.5646137499999995,0.24097937500000002,0.23260528661685523,1.0
Barber,2msr,0.43,1.7110910000000001,0.260522375,0.31004358585303676,1.0
Barber,2msr,0.435,1.8553696875,0.2728101875,0.37593469171648,1.0
Barber,2msr,0.44,1.9788092499999999,0.28166274999999996,0.42621375498620107,1.0
Barber,2msr,0.445,2.07487446875,0.26903496874999994,0.40031847546513943,1.0
Barber,2msr,0.45,2.1166390625000004,0.257529375,0.3749266584399999,1.0
Barber,2msr,0.455,2.1387740937500004,0.24193156249999995,0.35163303227623166,1.0
Barber,2msr,0.46,2.1210882499999992,0.23029999999999998,0.3276415302140435,1.0
Barber,2msr,0.465,2.0704573125,0.22119993749999994,0.30474710919875203,1.0
Barber,2msr,0.47000000000000003,2.001127187499999,0.2120954374999999,0.28524883471847184,1.0
Barber,2msr,0.47500000000000003,1.8702085937499986,0.1984248437499998,0.26603819824191344,1.0
Barber,2msr,0.48,1.7372297500000005,0.185905,0.24954742770663854,1.0
Barber,2msr,0.485,1.5962568124999998,0.17399353125000003,0.23328336011131856,1.0
Barber,2msr,0.49,1.4323546249999997,0.1627926875,0.21810733165912796,1.0
Barber,2msr,0.495,1.2309195312499994,0.15235596875,0.2043676852407711,1.0
Barber,2msr,0.5,0.979628125,0.142421875,0.19048229245847073,1.0
Barber,2msr,0.505,0.7336372812500005,0.13342590625,0.17883797448015082,1.0
Barber,2msr,0.51,0.4691938124999997,0.12485018750000001,0.167070335453073,1.0
Barber,2msr,0.515,0.18693396874999876,0.11684553124999997,0.1563406006856973,1.0
Barber,2msr,0.52,-0.11923650000000179,0.10770599999999997,0.14699568951503308,1.0
Barber,2msr,0.525,-0.45570453125000104,0.095946875,0.13955593394624743,1.0
Barber,2msr,0.53,-0.8161760625000004,0.08478625,0.13484004504388708,1.0
Barber,2msr,0.535,-1.1949186250000015,-0.025310781250000546,0.2860124300476831,1.0
Barber,2msr,0.54,-1.5483697500000033,-0.14923287500000126,0.513481826958352,1.0
Barber,2msr,0.545,-1.9045878125000042,-0.31085287500000286,0.735336924473754,1.0
Barber,2msr,0.55,-2.3296756250000032,-0.5692437500000022,0.9315440003304011,1.0
Barber,2msr,0.555,-2.778160906250003,-0.8879953125000016,1.108707832418202,1.0
Barber,2msr,0.56,-3.1742275000000024,-1.2377612500000024,1.2813877927206274,1.0
Barber,2msr,0.5650000000000001,-3.525796593750004,-1.5974086250000041,1.4345958691343472,1.0
Barber,2msr,0.5700000000000001,-3.918675125000006,-2.041599500000007,1.5197691502831527,1.0
Barber,2msr,0.5750000000000001,-4.398071875000009,-2.57347687500001,1.5529674404196354,1.0
Barber,2msr,0.58,-4.930269624999997,-3.152258624999996,1.5794947274965356,1.0
Barber,2msr,0.585,-5.4238213749999975,-3.707713374999997,1.6200793710328423,1.0
Barber,2msr,0.59,-5.845826874999998,-4.248825499999999,1.6798075765970932,1.0
Barber,2msr,0.595,-6.263902781249999,-4.799348531249999,1.6856343622152175,1.0
Barber,2msr,0.6,-6.6899437499999985,-5.356486249999998,1.6285860853316712,1.0
Barber,2msr,0.605,-7.157185249999996,-5.901161718749996,1.5748703223795126,1.0
Barber,2msr,0.61,-7.843970249999998,-6.421240999999998,1.52484652902702,1.0
Barber,2msr,0.615,-8.497874968750002,-6.927218187500001,1.4773277463431005,1.0
Barber,2msr,0.62,-9.1789035,-7.412936500000002,1.432458164670351,1.0
Barber,2msr,0.625,-9.799080468749999,-7.87971640625,1.3893052847916385,1.0
Barber,2msr,0.63,-10.382543812500002,-8.332046062499998,1.3480724347200557,1.0
Barber,2msr,0.635,-10.883294656250005,-8.758020781250002,1.3097691144117125,1.0
Barber,2msr,0.64,-11.461021500000003,-9.169637500000002,1.2713786985228868,1.0
Barber,2msr,0.645,-12.065736531250005,-9.560385625000004,1.2358549065839186,1.0
Barber,2msr,0.65,-12.738396250000005,-9.931553750000003,1.200137619954348,1.0
Barber,2msr,0.655,-13.478903468750003,-10.286294250000003,1.165925155319867,1.0
Barber,2msr,0.66,-14.263835000000002,-10.615317625000001,1.1339236962263415,1.0
Barber,2msr,0.665,-14.964123093750004,-10.929780281250004,1.101129798042077,1.0
Barber,2msr,0.67,-15.684937437500006,-11.223057812500002,1.0720649673294762,1.0
Barber,2msr,0.675,-16.584429531250006,-11.496473125000003,1.0415202228497906,1.0
Barber,2msr,0.68,-17.58899700000001,-11.7527015,1.0141995954849068,1.0
Barber,2msr,0.685,-18.627045750000008,-11.986035937500002,0.989462291854423,1.0
Barber,2msr,0.6900000000000001,-19.645260937500016,-12.203603187500004,0.9639801091296702,1.0
Barber,2msr,0.6950000000000001,-20.534677406250015,-12.399853031250004,0.9443309587751706,1.0
Barber,2msr,0.7000000000000001,-21.390601875000012,-12.575980625000003,0.9236985196241569,1.0
Barber,2msr,0.705,-22.29806771874999,-12.735005124999999,0.9073765040350792,1.0
Barber,2msr,0.71,-23.348073874999994,-12.8712516875,0.8943304357344464,1.0
Barber,2msr,0.715,-24.26148546875,-12.992781812499999,0.8829741821726175,1.0
Barber,2msr,0.72,-25.060506999999998,-13.092741750000002,0.8760048932271656,1.0
Barber,2msr,0.725,-26.00500125,-13.175665156249998,0.869250499985687,1.0
Barber,2msr,0.73,-26.843565437499997,-13.243847124999998,0.8655716058035638,1.0
Barber,2msr,0.735,-27.532848875,-13.29229709375,0.8630754304059303,1.0
Barber,2msr,0.74,-28.185760499999994,-13.328218375000002,0.8625973043654895,1.0
Barber,2msr,0.745,-28.904950093750003,-13.344094499999999,0.8636553007337656,1.0
Barber,2msr,0.75,-29.611635937499997,-13.359818750000002,0.83487963080296,1.0
Barber,2msr,0.755,-30.244975500000002,-13.380084906249998,0.7817833255131184,1.0
Barber,2msr,0.76,-30.82193550000001,-13.39366,0.7325054138707784,1.0
Barber,2msr,0.765,-31.35066778125001,-13.38374265625,0.7321820667892037,1.0
Barber,2msr,0.77,-31.858091937500003,-13.347874500000001,0.7565661913248238,1.0
Barber,2msr,0.775,-32.4289665625,-13.286646875,0.7987820891111451,1.0
Barber,2msr,0.78,-32.99191987500001,-13.198568749999998,0.8359184125627559,1.0
Barber,2msr,0.785,-33.49542006250002,-13.078790937499999,0.8628526167774988,1.0
Barber,2msr,0.79,-33.96851837500001,-12.950110624999999,0.8971471103465887,1.0
Barber,2msr,0.795,-34.46296259375001,-12.804645843749999,0.9154049902257183,1.0
Barber,2msr,0.8,-34.87501,-12.66616625,0.9177194042766764,1.0
Barber,2msr,0.805,-35.230357562500004,-12.532219624999996,0.9254257136653296,1.0
Barber,2msr,0.81,-35.53178487500001,-12.376744874999998,0.8971325703698194,1.0
Barber,2msr,0.8150000000000001,-35.80994431250001,-12.217528187499997,0.8743527121859358,1.0
Barber,2msr,0.8200000000000001,-35.9670015,-12.058871749999994,0.877212841965927,1.0
Barber,2msr,0.8250000000000001,-36.1364740625,-11.889963906249996,0.9128265899434513,1.0
Barber,2msr,0.8300000000000001,-36.3569569375,-11.705635187499997,0.950744790789912,1.0
Barber,2msr,0.835,-36.5277249375,-11.477517875000004,1.0508080529011266,1.0
Barber,2msr,0.84,-36.637043999999996,-11.224704499999998,1.1969311245672185,1.0
Barber,2msr,0.845,-36.6572768125,-10.845543937500002,1.412322041131219,1.0
Barber,2msr,0.85,-36.66507625,-10.456459375,1.6621812572658419,1.0
Barber,2msr,0.855,-36.63623268749999,-9.99377171875,1.937959731062461,1.0
Barber,2msr,0.86,-36.56918387499999,-9.440600999999997,2.2238782232011944,1.0
Barber,2msr,0.865,-36.4838824375,-8.8693039375,2.4985138978143397,1.0
Barber,2msr,0.87,-36.334498375,-8.299736874999999,2.715884444030754,1.0
Barber,2msr,0.875,-36.167728125000004,-7.714932031249998,2.9091052627609764,1.0
Barber,2msr,0.88,-35.89211674999999,-7.007208999999998,2.940058849010509,1.0
Barber,2msr,0.885,-35.500503031250005,-6.259501593749993,2.890321062059619,1.0
Barber,2msr,0.89,-35.144732125,-5.529111624999993,2.852636884525129,1.0
Barber,2msr,0.895,-34.84663653124999,-4.803383218749997,2.739853902167738,1.0
Barber,2msr,0.9,-34.551194375,-4.082304374999998,2.6253872573559716,1.0
Barber,2msr,0.905,-34.15959196874999,-3.4004806562499965,2.4941769190669683,1.0
Barber,2msr,0.91,-33.727273312499996,-2.743555687499994,2.3552187529476347,1.0
Barber,2msr,0.915,-33.31557815624999,-2.1057891562499926,2.222608474837306,1.0
Barber,2msr,0.92,-33.00877249999999,-1.5274287499999948,2.1010455421147918,1.0
Barber,2msr,0.925,-32.7052590625,-0.9518237499999964,1.9794983537745352,1.0
Barber,2msr,0.93,-32.272873562499996,-0.42911749999999504,1.8707587958829364,1.0
Barber,2msr,0.935,-31.78525759374999,0.07491187500000741,1.7635437954503383,1.0
Barber,2msr,0.9400000000000001,-31.325850499999998,0.5595226250000077,1.6623580787954055,1.0
Barber,2msr,0.9450000000000001,-30.9012561875,0.9977874062500077,1.5675810773009378,1.0
Barber,2msr,0.9500000000000001,-30.46855968749999,1.4355409375000074,1.4733950033789067,1.0
Barber,2msr,0.9550000000000001,-29.929638531249992,1.8240251875000073,1.3884611612878157,1.0
Barber,2msr,0.96,-29.362103,2.2020834999999996,1.303931050175488,1.0
Barber,2msr,0.965,-28.812436437500004,2.55957034375,1.2239116204610978,1.0
Barber,2msr,0.97,-28.317819625000002,2.8830986874999995,1.147987970690499,1.0
Barber,2msr,0.975,-27.825237031249998,3.2064204687499984,1.072636914310876,1.0
Barber,2msr,0.98,-27.491678375000003,3.485332499999999,1.0044012308222496,1.0
Barber,2msr,0.985,-27.172591593750006,3.760022812500001,0.936725175397477,1.0
Barber,2msr,0.99,-26.859851125,4.013630000000001,0.8726347682984276,1.0
Barber,2msr,0.995,-26.5538943125,4.242349375000001,0.8120045483445874,1.0
Barber,2msr,1.0,-26.247937500000003,4.471068750000001,0.7522716420272916,1.0
Barber,35msr,0.0,-26.74813478260869,4.859872826086956,0.7078128253301121,0.75
Barber,35msr,0.005,-26.66665495652174,5.13244469021739,0.6601275906755937,0.75
Barber,35msr,0.01,-26.58517513043478,5.405016554347827,0.6133186581352827,0.75
Barber,35msr,0.015,-26.518810434782605,5.665580201086958,0.5679505278780574,0.75
Barber,35msr,0.02,-26.49969217391304,5.885375413043478,0.5256950882784011,0.75
Barber,35msr,0.025,-26.480573913043482,6.105170625000001,0.4848087878364533,0.75
Barber,35msr,0.03,-26.50715060869565,6.303358663043478,0.44642563435146965,0.75
Barber,35msr,0.035,-26.58854817391304,6.476133114130436,0.4124376912369942,0.75
Barber,35msr,0.04,-26.669945739130434,6.648907565217392,0.3803371876301602,0.75
Barber,35msr,0.045,-26.768964391304348,6.790743097826087,0.3491484030931876,0.75
Barber,35msr,0.05,-26.86999956521739,6.918314673913044,0.3212983931269819,0.75
Barber,35msr,0.055,-26.970619608695653,7.0449919402173915,0.2949047841378417,0.75
Barber,35msr,0.06,-27.086104347826083,7.1364705,0.2711398665705819,0.75
Barber,35msr,0.065,-27.203511956521744,7.2232630597826075,0.2508935860895429,0.75
Barber,35msr,0.07,-27.300608000000008,7.304114478260869,0.23318392444674532,0.75
Barber,35msr,0.075,-27.270942934782614,7.356262173913041,0.22256712663590494,0.75
Barber,35msr,0.08,-27.230627826086955,7.407503347826087,0.21605934056252654,0.75
Barber,35msr,0.085,-27.125159217391303,7.449076157608694,0.21017253061360036,0.75
Barber,35msr,0.09,-26.927946869565215,7.476171423913043,0.21122331304170022,0.75
Barber,35msr,0.095,-26.73639506521739,7.502688374999998,0.2157484425380046,0.75
Barber,35msr,0.1,-26.519216521739132,7.515167934782609,0.2230643354221174,0.75
Barber,35msr,0.105,-26.278753434782605,7.517096657608695,0.2347118904852456,0.75
Barber,35msr,0.11,-26.026911956521744,7.517992467391306,0.24817131587114105,0.75
Barber,35msr,0.115,-25.73821806521739,7.5013445217391315,0.26224748359790917,0.75
Barber,35msr,0.12,-25.474476695652175,7.479476608695652,0.27845253874563675,0.75
Barber,35msr,0.125,-25.139086956521737,7.4551173913043485,0.29492391034040855,0.75
Barber,35msr,0.13,-24.66751952173913,7.413114750000002,0.3106795716176861,0.75
Barber,35msr,0.135,-24.189921108695646,7.369468630434785,0.3276808186301384,0.75
Barber,35msr,0.14,-23.69814382608696,7.320099195652176,0.34418874275138195,0.75
Barber,35msr,0.145,-23.105286630434787,7.258513940217392,0.3604740276176379,0.75
Barber,35msr,0.15,-22.480479347826087,7.195660597826087,0.3774293423106831,0.75
Barber,35msr,0.155,-21.892702217391307,7.124306771739132,0.3932641237226859,0.75
Barber,35msr,0.16,-21.326159652173914,7.044747782608695,0.40984803441529805,0.75
Barber,35msr,0.165,-20.778575130434785,6.954244842391304,0.42937565905278735,0.75
Barber,35msr,0.17,-20.30221260869565,6.840119510869565,0.4720966101078157,0.75
Barber,35msr,0.17500000000000002,-19.845454347826088,6.703524864130435,0.5525433790689688,0.75
Barber,35msr,0.18,-19.407494521739125,6.561430760869566,0.6400634050198508,0.75
Barber,35msr,0.185,-18.981011999999996,6.36842819021739,0.713784203007551,0.75
Barber,35msr,0.19,-18.523423217391304,6.173067978260871,0.7864381593344365,0.75
Barber,35msr,0.195,-18.010564978260874,5.950139413043477,0.8501986285271623,0.75
Barber,35msr,0.2,-17.43068,5.6669543478260875,0.8617413225976811,0.75
Barber,35msr,0.20500000000000002,-16.845232869565216,5.375676195652174,0.8513983291063238,0.75
Barber,35msr,0.21,-16.278545652173918,5.081983597826088,0.8218426602402229,0.75
Barber,35msr,0.215,-15.728241891304346,4.79768729347826,0.7760585424860144,0.75
Barber,35msr,0.22,-15.169975739130438,4.519767260869564,0.7302524614272681,0.75
Barber,35msr,0.225,-14.522247065217387,4.264647554347825,0.691127128766516,0.75
Barber,35msr,0.23,-13.844532478260863,4.023995282608695,0.6512427741141866,0.75
Barber,35msr,0.23500000000000001,-13.142583565217384,3.7899569999999985,0.6134323997970752,0.75
Barber,35msr,0.24,-12.290344869565217,3.578064913043478,0.580858509019411,0.75
Barber,35msr,0.245,-11.418526782608696,3.3743839239130438,0.546516406668722,0.75
Barber,35msr,0.25,-10.58473152173913,3.1773733695652178,0.515323977474607,0.75
Barber,35msr,0.255,-9.740583652173912,3.001900548913043,0.4876362560700533,0.75
Barber,35msr,0.26,-8.82348469565217,2.8291135434782606,0.458675367488387,0.75
Barber,35msr,0.265,-7.827681304347824,2.6668000434782604,0.43354148309214574,0.75
Barber,35msr,0.27,-6.819850173913039,2.5180749130434776,0.4093774082570956,0.75
Barber,35msr,0.275,-5.854225434782605,2.3725927173913037,0.38544177593037,0.75
Barber,35msr,0.28,-5.013521913043475,2.2379093478260863,0.36477521907030896,0.75
Barber,35msr,0.28500000000000003,-4.32860367391304,2.1118600108695644,0.34369580114564857,0.75
Barber,35msr,0.29,-3.675699739130438,1.9896321195652182,0.32402886013476184,0.75
Barber,35msr,0.295,-2.797614152173918,1.8778968097826088,0.3066327780453313,0.75
Barber,35msr,0.3,-1.7792721739130484,1.770855,0.2885692177750126,0.75
Barber,35msr,0.305,-0.7383407391304389,1.6681699239130439,0.2724196611264223,0.75
Barber,35msr,0.31,0.06401999999999992,1.5755422173913045,0.25775117577503837,0.75
Barber,35msr,0.315,0.8363721739130454,1.4848127282608694,0.24241326662398377,0.75
Barber,35msr,0.32,1.7266316521739176,1.3993049999999994,0.22921042121539564,0.75
Barber,35msr,0.325,2.6344548913043524,1.3217074728260862,0.21657525685860834,0.75
Barber,35msr,0.33,3.5176617391304394,1.24542052173913,0.20392069798683926,0.75
Barber,35msr,0.335,4.287068217391309,1.1744615543478256,0.19282183193505825,0.75
Barber,35msr,0.34,4.952342347826091,1.1085768260869557,0.18199518737208453,0.75
Barber,35msr,0.34500000000000003,5.591172934782614,1.044489505434782,0.1715636922988365,0.75
Barber,35msr,0.35000000000000003,6.266293913043484,0.9856155978260864,0.16221399074177778,0.75
Barber,35msr,0.355,6.963193391304347,0.9296688586956525,0.1529422618806619,0.75
Barber,35msr,0.36,7.626811826086955,0.8758421739130436,0.1443510438828092,0.75
Barber,35msr,0.365,8.301085173913043,0.8281992228260868,0.13645649715058872,0.75
Barber,35msr,0.37,9.035878565217391,0.7822528043478264,0.12887693624971802,0.75
Barber,35msr,0.375,9.692194565217392,0.73858125,0.12239850561298025,0.75
Barber,35msr,0.38,10.140932000000001,0.698799,0.11656261016556163,0.75
Barber,35msr,0.385,10.56233195652174,0.6596316358695651,0.11074383258534129,0.75
Barber,35msr,0.39,11.033717130434786,0.622686456521739,0.1054184195919757,0.75
Barber,35msr,0.395,11.489875195652175,0.5879250326086956,0.09974233022082135,0.75
Barber,35msr,0.4,11.880983478260871,0.5539878260869562,0.09399741965498754,0.75
Barber,35msr,0.405,12.14888745652174,0.5226458478260869,0.08877957057301536,0.75
Barber,35msr,0.41000000000000003,12.342493608695653,0.493104554347826,0.08391048844210212,0.75
Barber,35msr,0.41500000000000004,12.544867456521743,0.4646175978260868,0.07904295295977042,0.75
Barber,35msr,0.42,12.68830304347826,0.4385629565217393,0.07475437582930211,0.75
Barber,35msr,0.425,12.79718847826087,0.41353019021739135,0.07060246826215825,0.75
Barber,35msr,0.43,12.839617652173914,0.3895756956521739,0.06646967680192178,0.75
Barber,35msr,0.435,12.848096304347825,0.36793695652173913,0.06295083302669555,0.75
Barber,35msr,0.44,12.849323304347825,0.34687734782608687,0.05943928853486714,0.75
Barber,35msr,0.445,12.821596847826086,0.326807233695652,0.05595050721290064,0.75
Barber,35msr,0.45,12.714646739130433,0.3086342934782607,0.053017539715678436,0.75
Barber,35msr,0.455,12.579998,0.29095095652173897,0.049991046476164855,0.75
Barber,35msr,0.46,12.383168347826084,0.2742954782608694,0.04714312395029633,0.75
Barber,35msr,0.465,12.11732063043478,0.25884746739130415,0.04464817374968834,0.75
Barber,35msr,0.47000000000000003,11.843879173913042,0.2439897717391304,0.04204058303500843,0.75
Barber,35msr,0.47500000000000003,11.568706413043477,0.23015763586956506,0.03974329013001536,0.75
Barber,35msr,0.48,11.289024869565216,0.21702495652173914,0.037715691462259726,0.75
Barber,35msr,0.485,11.018102891304347,0.20414792934782605,0.036019737503868485,0.75
Barber,35msr,0.49,10.701071173913043,0.17832485869565223,0.07864178200286408,0.75
Barber,35msr,0.495,10.338138695652175,0.12702342391304358,0.16218343943741892,0.75
Barber,35msr,0.5,9.912404347826087,0.035370652173913206,0.31714891620346264,0.75
Barber,35msr,0.505,9.478633173913044,-0.13666708695652194,0.48561782271793896,0.75
Barber,35msr,0.51,9.03682504347826,-0.3265378369565225,0.6771295261297942,0.75
Barber,35msr,0.515,8.597769869565212,-0.5551028967391335,0.8672560327553791,0.75
Barber,35msr,0.52,8.196768521739127,-0.8888910000000025,1.0177582847684339,0.75
Barber,35msr,0.525,7.819236086956521,-1.2749222282608716,1.138859477881546,0.75
Barber,35msr,0.53,7.406899043478259,-1.7198216739130463,1.2166864327774942,0.75
Barber,35msr,0.535,6.939137456521735,-2.232217239130439,1.231910680789223,0.75
Barber,35msr,0.54,6.456583913043472,-2.7527705217391363,1.2409562778923187,0.75
Barber,35msr,0.545,5.926086195652168,-3.2810799456521798,1.2442817858174022,0.75
Barber,35msr,0.55,5.371985869565211,-3.8132913586956585,1.244179646432867,0.75
Barber,35msr,0.555,4.828049021739128,-4.345213483695656,1.2449593799273422,0.75
Barber,35msr,0.56,4.344752521739126,-4.875640695652178,1.2469861987176163,0.75
Barber,35msr,0.5650000000000001,3.889942021739125,-5.404127266304353,1.2468148443788698,0.75
Barber,35msr,0.5700000000000001,3.4120892608695557,-5.931260184782616,1.2468933290582702,0.75
Barber,35msr,0.5750000000000001,2.8956996739130365,-6.452429021739138,1.2461342233647312,0.75
Barber,35msr,0.58,2.4111095652173966,-6.9697641521739095,1.2424538491006807,0.75
Barber,35msr,0.585,1.9194558260869636,-7.4835704836956465,1.2387841367892665,0.75
Barber,35msr,0.59,1.32456869565218,-7.989147847826081,1.233074391740461,0.75
Barber,35msr,0.595,0.6334943043478294,-8.490276260869564,1.2249462252333445,0.75
Barber,35msr,0.6,-0.02928347826086815,-8.984613913043479,1.2176507067388602,0.75
Barber,35msr,0.605,-0.712301521739128,-9.468779739130435,1.207222557923886,0.75
Barber,35msr,0.61,-1.3974930434782562,-9.949265282608692,1.195735229774074,0.75
Barber,35msr,0.615,-2.1034817608695606,-10.41714096195652,1.184606751801552,0.75
Barber,35msr,0.62,-2.767000869565216,-10.874758500000002,1.1712416186173324,0.75
Barber,35msr,0.625,-3.493366304347827,-11.329280298913043,1.1567135372001198,0.75
Barber,35msr,0.63,-4.333718173913047,-11.762846152173916,1.1417215034817743,0.75
Barber,35msr,0.635,-5.142254847826092,-12.186531260869566,1.1248729978136744,0.75
Barber,35msr,0.64,-5.932119130434791,-12.603656086956525,1.1076104547257655,0.75
Barber,35msr,0.645,-6.873120630434789,-12.997534206521742,1.0873855813129496,0.75
Barber,35msr,0.65,-7.860291304347828,-13.382413369565214,1.0663900743063652,0.75
Barber,35msr,0.655,-8.784639065217396,-13.754387135869566,1.0439990760255786,0.75
Barber,35msr,0.66,-9.524651652173919,-14.104620195652174,1.0197323693587634,0.75
Barber,35msr,0.665,-10.23847547826088,-14.447662695652177,0.9949089480308846,0.75
Barber,35msr,0.67,-11.117649652173922,-14.771253423913047,0.9682299056542039,0.75
Barber,35msr,0.675,-12.22049543478262,-15.075676222826088,0.9419138991915519,0.75
Barber,35msr,0.68,-13.346147826086964,-15.375202695652174,0.9153826402976979,0.75
Barber,35msr,0.685,-14.514679586956536,-15.647872483695656,0.8880916993225614,0.75
Barber,35msr,0.6900000000000001,-15.615409000000014,-15.904342923913045,0.8629715458822899,0.75
Barber,35msr,0.6950000000000001,-16.705227434782625,-16.154486201086957,0.8367492406706324,0.75
Barber,35msr,0.7000000000000001,-17.732347826086972,-16.37419141304348,0.8117750271147712,0.75
Barber,35msr,0.705,-18.907708195652166,-16.582616266304345,0.7887928616605173,0.75
Barber,35msr,0.71,-20.012111173913034,-16.777713130434783,0.7641940401365819,0.75
Barber,35msr,0.715,-20.955221282608694,-16.945854407608692,0.741071749019363,0.75
Barber,35msr,0.72,-21.764039130434774,-17.104924826086954,0.7194277451835474,0.75
Barber,35msr,0.725,-22.665915869565218,-17.243557907608697,0.6961870528951531,0.75
Barber,35msr,0.73,-23.710206478260865,-17.359396271739133,0.6753686654532531,0.75
Barber,35msr,0.735,-24.736540978260866,-17.46796281521739,0.6552706739230447,0.75
Barber,35msr,0.74,-25.815170869565222,-17.550379630434787,0.6362244458781005,0.75
Barber,35msr,0.745,-26.774081195652176,-17.613630114130434,0.6228414705220637,0.75
Barber,35msr,0.75,-27.822041304347824,-17.671033695652174,0.6135938238815932,0.75
Barber,35msr,0.755,-28.645996000000004,-17.702422043478258,0.5947898742559165,0.75
Barber,35msr,0.76,-29.452087652173923,-17.723133652173914,0.5778045181801922,0.75
Barber,35msr,0.765,-30.206185217391308,-17.735372788043477,0.5651886827152349,0.75
Barber,35msr,0.77,-30.906554043478273,-17.720398826086956,0.5734735003994273,0.75
Barber,35msr,0.775,-31.624650978260867,-17.698476847826083,0.5855574887363902,0.75
Barber,35msr,0.78,-32.337805478260876,-17.660838913043484,0.5935976973039179,0.75
Barber,35msr,0.785,-33.01150747826088,-17.603770467391307,0.6017324102935241,0.75
Barber,35msr,0.79,-33.63992586956523,-17.542708923913043,0.6399014890670102,0.75
Barber,35msr,0.795,-34.1672202826087,-17.463116576086954,0.6941530392877924,0.75
Barber,35msr,0.8,-34.624520000000004,-17.34516847826087,0.7539824707676288,0.75
Barber,35msr,0.805,-35.12199560869566,-17.199169891304347,0.8093044903940649,0.75
Barber,35msr,0.81,-35.48931626086957,-16.995639554347825,0.876256501808143,0.75
Barber,35msr,0.8150000000000001,-35.83689384782608,-16.77923256521739,0.9723833161388112,0.75
Barber,35msr,0.8200000000000001,-36.11357052173913,-16.54303252173913,1.0673500874473476,0.75
Barber,35msr,0.8250000000000001,-36.311161195652176,-16.23121491847826,1.1433014457070318,0.75
Barber,35msr,0.8300000000000001,-36.47418426086956,-15.907752326086948,1.2253099355243229,0.75
Barber,35msr,0.835,-36.62488165217392,-15.551285250000003,1.2994291316602617,0.75
Barber,35msr,0.84,-36.717859130434775,-15.119693869565221,1.3309554803289227,0.75
Barber,35msr,0.845,-36.80185336956521,-14.683320114130437,1.3622487680846844,0.75
Barber,35msr,0.85,-36.835262173913044,-14.231460163043481,1.3892974615595082,0.75
Barber,35msr,0.855,-36.815138326086945,-13.765587342391306,1.4136648566078884,0.75
Barber,35msr,0.86,-36.786902173913035,-13.297849891304349,1.4385967578249725,0.75
Barber,35msr,0.865,-36.69399534782608,-12.815704336956525,1.4596332623701624,0.75
Barber,35msr,0.87,-36.583831913043475,-12.327348228260872,1.4804426262133181,0.75
Barber,35msr,0.875,-36.45975652173913,-11.837211684782606,1.501486647492924,0.75
Barber,35msr,0.88,-36.17439199999999,-11.274627652173914,1.5756813829686405,0.75
Barber,35msr,0.885,-35.84146932608696,-10.682058701086952,1.7213117392416106,0.75
Barber,35msr,0.89,-35.49965673913043,-10.048197521739127,1.8680741363731206,0.75
Barber,35msr,0.895,-35.10731149999999,-9.311592130434779,1.978106496427812,0.75
Barber,35msr,0.9,-34.741338695652175,-8.579098043478258,2.0933232273498725,0.75
Barber,35msr,0.905,-34.37774239130435,-7.795766885869558,2.171048662759264,0.75
Barber,35msr,0.91,-34.05357826086957,-6.9363614347826,2.1463937003173523,0.75
Barber,35msr,0.915,-33.722010434782604,-6.076143456521729,2.1216779146951548,0.75
Barber,35msr,0.92,-33.33324852173912,-5.23630995652173,2.04309620054479,0.75
Barber,35msr,0.925,-32.8992604347826,-4.42438997282608,1.9421494406739233,0.75
Barber,35msr,0.93,-32.474085173913046,-3.615599413043472,1.8434960212081615,0.75
Barber,35msr,0.935,-32.058585478260866,-2.8905345815217314,1.7585730765018077,0.75
Barber,35msr,0.9400000000000001,-31.661990608695646,-2.181671804347816,1.6694723926761266,0.75
Barber,35msr,0.9450000000000001,-31.241056434782596,-1.4839417989130335,1.5846012968856953,0.75
Barber,35msr,0.9500000000000001,-30.749543695652168,-0.8662738043478175,1.5074999654930266,0.75
Barber,35msr,0.9550000000000001,-30.253869326086953,-0.25061435869564413,1.4278800332980937,0.75
Barber,35msr,0.96,-29.80105234782609,0.33793304347825615,1.3548332963734766,0.75
Barber,35msr,0.965,-29.425050695652175,0.8698771467391266,1.282974435648101,0.75
Barber,35msr,0.97,-29.049049043478263,1.4018212499999976,1.2114003400331625,0.75
Barber,35msr,0.975,-28.704894565217398,1.8925760869565194,1.146077477933954,0.75
Barber,35msr,0.98,-28.387580869565223,2.3495784782608666,1.0817928425515242,0.75
Barber,35msr,0.985,-28.070267173913045,2.8065808695652135,1.017855370936891,0.75
Barber,35msr,0.99,-27.789176304347826,3.2109650869565183,0.960145337483644,0.75
Barber,35msr,0.995,-27.516331630434784,3.6000455869565204,0.9032516146774329,0.75
Barber,35msr,1.0,-27.243486956521743,3.9891260869565213,0.8468180990663976,0.75
Barber,075ms,0.0,-25.975594736842112,3.1889763157894735,0.2187150437564229,0.85
Barber,075ms,0.005,-25.49850197368421,3.268233626315789,0.1966784533465771,0.85
Barber,075ms,0.01,-24.758732578947367,3.337316034210526,0.17830506260723794,0.85
Barber,075ms,0.015,-23.983478736842105,3.3965232986842113,0.1641080001491752,0.85
Barber,075ms,0.02,-23.303496105263157,3.445665221052631,0.1548733233233012,0.85
Barber,075ms,0.025,-22.739354210526315,3.4837050921052626,0.15100455355599754,0.85
Barber,075ms,0.03,-22.250470052631584,3.5130649421052635,0.1518459732130636,0.85
Barber,075ms,0.035,-21.79903460526316,3.5348697907894744,0.15674193519885773,0.85
Barber,075ms,0.04,-21.323606526315793,3.54848927368421,0.16523748826332174,0.85
Barber,075ms,0.045,-20.911471210526315,3.553942627631579,0.17574822058038037,0.85
Barber,075ms,0.05,-20.47691763157895,3.551977763157895,0.1869104902947579,0.85
Barber,075ms,0.055,-19.99459860526316,3.5433276486842096,0.1976632266232873,0.85
Barber,075ms,0.06,-19.249726526315786,3.52809392631579,0.20715547331779027,0.85
Barber,075ms,0.065,-18.44604557894737,3.507032492105262,0.21528283049701674,0.85
Barber,075ms,0.07,-17.757450421052635,3.4811733894736836,0.2222970277433826,0.85
Barber,075ms,0.075,-17.2125825,3.4506638026315786,0.22853680071390745,0.85
Barber,075ms,0.08,-16.685268210526317,3.416218894736842,0.23349148632626388,0.85
Barber,075ms,0.085,-16.191731736842105,3.378173118421053,0.23702563397616797,0.85
Barber,075ms,0.09,-15.731463263157895,3.337089128947369,0.2391935653977699,0.85
Barber,075ms,0.095,-15.354582184210523,3.2932967934210526,0.24024146734901383,0.85
Barber,075ms,0.1,-15.02484315789474,3.2472626052631584,0.2402343057386936,0.85
Barber,075ms,0.105,-14.706074999999998,3.199243957894738,0.23913407051994268,0.85
Barber,075ms,0.11,-14.287711368421053,3.1494723868421057,0.2369036832205337,0.85
Barber,075ms,0.115,-13.926248736842105,3.0986391434210527,0.23402488127291077,0.85
Barber,075ms,0.12,-13.655002736842107,3.0469669052631585,0.23061128830642014,0.85
Barber,075ms,0.125,-13.372734210526316,2.9946456249999995,0.22678868462679816,0.85
Barber,075ms,0.13,-13.110109263157893,2.9417311342105266,0.22197898453446657,0.85
Barber,075ms,0.135,-12.857870157894737,2.8881574236842105,0.21629268591332185,0.85
Barber,075ms,0.14,-12.619850631578949,2.8338318210526316,0.20990617734282235,0.85
Barber,075ms,0.145,-12.352197631578946,2.778008652631579,0.20399920278807784,0.85
Barber,075ms,0.15,-12.043081052631576,2.718917368421052,0.20109940662314263,0.85
Barber,075ms,0.155,-11.721112184210522,2.645651752631579,0.21112628784381673,0.85
Barber,075ms,0.16,-11.353086947368421,2.5654733999999997,0.2304853244284786,0.85
Barber,075ms,0.165,-10.941622342105262,2.4763917447368424,0.2602756485684241,0.85
Barber,075ms,0.17,-10.533702473684206,2.376650105263158,0.2970874825878234,0.85
Barber,075ms,0.17500000000000002,-10.153899473684211,2.25778509868421,0.3411787354548157,0.85
Barber,075ms,0.18,-9.783703473684213,2.118953994736842,0.38485543006509454,0.85
Barber,075ms,0.185,-9.380915578947368,1.9728300026315793,0.4269475870463088,0.85
Barber,075ms,0.19,-9.02978694736842,1.8146876368421052,0.45532921170614626,0.85
Barber,075ms,0.195,-8.618053473684213,1.6506370105263157,0.46568171209939285,0.85
Barber,075ms,0.2,-8.192267368421051,1.4919745789473682,0.4657283864385602,0.85
Barber,075ms,0.20500000000000002,-7.878277499999998,1.3363895276315785,0.44673146714027623,0.85
Barber,075ms,0.21,-7.467683947368421,1.1923427342105264,0.41987018984259045,0.85
Barber,075ms,0.215,-7.030238763157896,1.0590213078947373,0.3834075521816958,0.85
Barber,075ms,0.22,-6.6301874736842095,0.937356289473684,0.3427108948108071,0.85
Barber,075ms,0.225,-6.316210131578948,0.8287032499999999,0.3053985199302551,0.85
Barber,075ms,0.23,-6.048429105263158,0.7325793447368418,0.27182712148155014,0.85
Barber,075ms,0.23500000000000001,-5.792116736842104,0.6479588249999995,0.24161186399755188,0.85
Barber,075ms,0.24,-5.58228905263158,0.5728504315789474,0.21443495972115095,0.85
Barber,075ms,0.245,-5.393372973684211,0.5065126065789475,0.19109315861918127,0.85
Barber,075ms,0.25,-5.269256578947369,0.4476167105263158,0.170067007763528,0.85
Barber,075ms,0.255,-5.0895052105263145,0.3960055381578946,0.15129875890303845,0.85
Barber,075ms,0.26,-4.912187157894735,0.35016412105263145,0.13433369959804756,0.85
Barber,075ms,0.265,-4.724994657894735,0.3097128894736841,0.11973533727202897,0.85
Barber,075ms,0.27,-4.5686484210526315,0.2738030289473683,0.10664583683246451,0.85
Barber,075ms,0.275,-4.431533552631579,0.2421123223684209,0.09488615307273732,0.85
Barber,075ms,0.28,-4.301614526315789,0.2140659684210525,0.08432206257637283,0.85
Barber,075ms,0.28500000000000003,-4.1578551315789465,0.1893931302631577,0.07511940900444353,0.85
Barber,075ms,0.29,-4.013050684210527,0.1675283789473685,0.06695456366553315,0.85
Barber,075ms,0.295,-3.863934631578948,0.1480617013157895,0.05955714430494824,0.85
Barber,075ms,0.3,-3.738058947368421,0.13092013157894739,0.05301081775892096,0.85
Barber,075ms,0.305,-3.600192052631579,0.11584247368421058,0.04723623784085681,0.85
Barber,075ms,0.31,-3.419145105263157,0.10249304473684213,0.042094999323569166,0.85
Barber,075ms,0.315,-3.2414105789473684,0.09059798815789472,0.037433424609300985,0.85
Barber,075ms,0.32,-3.0691913684210514,0.08011634736842105,0.033334401935401714,0.85
Barber,075ms,0.325,-2.9194673684210515,0.07087859210526315,0.02973970967501223,0.85
Barber,075ms,0.33,-2.757408578947368,0.06271608684210524,0.02648406434903647,0.85
Barber,075ms,0.335,-2.5922744473684203,0.05546093421052628,0.023562182782074087,0.85
Barber,075ms,0.34,-2.441084631578947,0.04904580526315787,0.020984935386993392,0.85
Barber,075ms,0.34500000000000003,-2.2939862105263145,0.043403080263157846,0.018735321033941214,0.85
Barber,075ms,0.35000000000000003,-2.1212794736842087,0.03837168421052627,0.016684280700479177,0.85
Barber,075ms,0.355,-1.9146475000000005,0.03394074605263159,0.014850814891448997,0.85
Barber,075ms,0.36,-1.6870162105263167,0.030033094736842108,0.013237438983248818,0.85
Barber,075ms,0.365,-1.4642022894736841,0.026575943421052624,0.011799635765308056,0.85
Barber,075ms,0.37,-1.278187105263158,0.02349977105263158,0.01048966459505079,0.85
Barber,075ms,0.375,-1.0613625000000002,0.020792565789473683,0.00935143888646643,0.85
Barber,075ms,0.38,-0.8504791578947369,0.018403842105263156,0.008346453620065907,0.85
Barber,075ms,0.385,-0.6870655263157893,0.016278148684210524,0.007437943661674348,0.85
Barber,075ms,0.39,-0.5029657368421047,0.014397971052631572,0.006621135787173401,0.85
Barber,075ms,0.395,-0.28542597368420974,0.012739196052631572,0.005904932052938449,0.85
Barber,075ms,0.4,-0.07534105263157856,0.011263842105263152,0.0052650515593332635,0.85
Barber,075ms,0.405,0.15185265789473834,0.009965422368421045,0.00469060029692569,0.85
Barber,075ms,0.41000000000000003,0.4961438947368447,0.00882161315789473,0.0041779895487776475,0.85
Barber,075ms,0.41500000000000004,0.7363818684210539,0.007804364473684205,0.003722075358448311,0.85
Barber,075ms,0.42,0.9622396842105254,0.006904147368421054,0.003308969809053858,0.85
Barber,075ms,0.425,1.15590947368421,0.006111276315789474,0.0029468998056886844,0.85
Barber,075ms,0.43,1.3584498421052627,0.0054039421052631586,0.0026447596003707917,0.85
Barber,075ms,0.435,1.5919688684210527,0.004784471052631581,0.002362621300913557,0.85
Barber,075ms,0.44,1.8602218947368423,0.004230852631578946,0.002101604246226257,0.85
Barber,075ms,0.445,2.093374184210527,0.003742594736842103,0.0018724430585042413,0.85
Barber,075ms,0.45,2.3345586842105264,0.003320144736842104,0.0016703080993680183,0.85
Barber,075ms,0.455,2.5859822105263164,0.0029372868421052613,0.001488534632404077,0.85
Barber,075ms,0.46,2.8301066315789476,0.002591963157894736,0.0013224830410654858,0.85
Barber,075ms,0.465,3.0638876578947376,0.002290302631578946,0.0011731054953765013,0.85
Barber,075ms,0.47000000000000003,3.3985303157894773,0.0020344078947368404,0.001056075345107031,0.85
Barber,075ms,0.47500000000000003,3.685545921052634,0.0018055789473684193,0.0009445772639562634,0.85
Barber,075ms,0.48,3.917789894736841,0.0015946000000000007,0.0008390741162922253,0.85
Barber,075ms,0.485,4.1851837105263145,0.001410709210526316,0.0007418768878489052,0.85
Barber,075ms,0.49,4.41488194736842,0.001248963157894737,0.0006608218795843524,0.85
Barber,075ms,0.495,4.62572947368421,0.001105,0.0005860575867608917,0.85
Barber,075ms,0.5,4.855647368421053,0.0009730263157894736,0.0005118410905144861,0.85
Barber,075ms,0.505,5.162199763157895,0.0008620565789473684,0.0004640634391071206,0.85
Barber,075ms,0.51,5.403570947368422,0.0007637026315789472,0.00041445427926170336,0.85
Barber,075ms,0.515,5.584354236842105,0.000685457894736842,0.0003663237710015977,0.85
Barber,075ms,0.52,5.71980252631579,0.0006053789473684209,0.0003351108529536352,0.85
Barber,075ms,0.525,5.900752236842106,0.0005338223684210523,0.0002940258540027085,0.85
Barber,075ms,0.53,6.112181263157895,0.0004734052631578945,0.0002603093417327771,0.85
Barber,075ms,0.535,6.265034578947369,0.00041099736842105215,0.00023477800753482456,0.85
Barber,075ms,0.54,6.382131894736844,0.00036487368421052606,0.00020504803504520653,0.85
Barber,075ms,0.545,6.506119500000001,0.0003184592105263152,0.00018574437570477244,0.85
Barber,075ms,0.55,6.588600263157895,0.0002775921052631577,0.0001683820688846754,0.85
Barber,075ms,0.555,6.658209184210527,0.0002541276315789471,0.00014483234633777883,0.85
Barber,075ms,0.56,6.7009332631578955,0.0002306631578947366,0.00012441282811894434,0.85
Barber,075ms,0.5650000000000001,6.740266026315791,0.0002061249999999997,0.00011122254658306037,0.85
Barber,075ms,0.5700000000000001,6.721431315789473,0.00016718157894736783,0.00010107499197511756,0.85
Barber,075ms,0.5750000000000001,6.676303157894737,6.68815789473657e-05,0.00035431928452224536,0.85
Barber,075ms,0.58,6.612061157894737,-0.00018172105263157843,0.0012639803881635387,0.85
Barber,075ms,0.585,6.510524657894738,-0.010478509210526232,0.03954853133358493,0.85
Barber,075ms,0.59,6.392066631578949,-0.036072031578947145,0.08268376006380078,0.85
Barber,075ms,0.595,6.229539973684211,-0.1076985789473677,0.21717842781770558,0.85
Barber,075ms,0.6,6.001773684210527,-0.23655231578947342,0.3697768062187969,0.85
Barber,075ms,0.605,5.672026552631579,-0.44558749210526305,0.5613597714407851,0.85
Barber,075ms,0.61,5.255397684210528,-0.768171260526315,0.8043071345192802,0.85
Barber,075ms,0.615,4.83369107894737,-1.1303131565789453,1.0526273954223186,0.85
Barber,075ms,0.62,4.34345063157895,-1.5636412105263138,1.2062014156510448,0.85
Barber,075ms,0.625,3.8406006578947367,-2.097087565789473,1.2292709662660386,0.85
Barber,075ms,0.63,3.030347736842102,-2.6972812447368444,1.0985222203410656,0.85
Barber,075ms,0.635,2.2624485526315756,-3.2360877000000032,0.9817277743148822,0.85
Barber,075ms,0.64,1.6098378947368397,-3.724184094736843,0.8786663512221685,0.85
Barber,075ms,0.645,0.7454487894736821,-4.171160084210527,0.7819911814951145,0.85
Barber,075ms,0.65,-0.37045157894737174,-4.572349302631581,0.7008746146421664,0.85
Barber,075ms,0.655,-1.5591423684210581,-4.931041943421054,0.6332525938379365,0.85
Barber,075ms,0.66,-2.690078526315798,-5.255298042105265,0.5759531599163652,0.85
Barber,075ms,0.665,-3.971839342105277,-5.545292161842108,0.5259356087267856,0.85
Barber,075ms,0.67,-5.096156842105275,-5.805183934210528,0.4847055660173009,0.85
Barber,075ms,0.675,-6.395612763157901,-6.038225190789475,0.45070249536367246,0.85
Barber,075ms,0.68,-7.956514736842116,-6.245012810526318,0.42407694382705396,0.85
Barber,075ms,0.685,-9.126967473684221,-6.4278577868421065,0.4009104605725397,0.85
Barber,075ms,0.6900000000000001,-10.278155736842123,-6.588338055263161,0.3807865788314329,0.85
Barber,075ms,0.6950000000000001,-11.609115842105288,-6.729452527631581,0.3640799902642664,0.85
Barber,075ms,0.7000000000000001,-12.867903684210546,-6.851750684210526,0.3508249969224125,0.85
Barber,075ms,0.705,-13.825263184210515,-6.979581378947366,0.3300946488906056,0.85
Barber,075ms,0.71,-15.056528052631567,-7.061189163157894,0.28813356191166384,0.85
Barber,075ms,0.715,-16.305130657894733,-7.128359406578947,0.27746428697219666,0.85
Barber,075ms,0.72,-17.40275557894737,-7.1837166631578935,0.2755371913736745,0.85
Barber,075ms,0.725,-18.626567105263156,-7.223953381578949,0.2780165652312868,0.85
Barber,075ms,0.73,-19.58984147368421,-7.238415415789472,0.2990168010457711,0.85
Barber,075ms,0.735,-20.79985484210526,-7.253257243421053,0.3190410770380001,0.85
Barber,075ms,0.74,-21.848375368421046,-7.252380378947368,0.33661987978543795,0.85
Barber,075ms,0.745,-22.85193523684211,-7.236532978947368,0.35522553146820274,0.85
Barber,075ms,0.75,-23.610217105263157,-7.204265592105265,0.38266989322841805,0.85
Barber,075ms,0.755,-24.786781815789475,-7.168230088157895,0.3979450592680849,0.85
Barber,075ms,0.76,-25.76869178947369,-7.120963936842105,0.4122935097922714,0.85
Barber,075ms,0.765,-26.631326342105265,-7.063697915789475,0.42561873190549776,0.85
Barber,075ms,0.77,-27.58707989473684,-6.997847476315788,0.438417436029568,0.85
Barber,075ms,0.775,-28.32523842105263,-6.924292480263157,0.4495956937712758,0.85
Barber,075ms,0.78,-29.213193578947365,-6.845399752631577,0.45961148534130936,0.85
Barber,075ms,0.785,-30.020949684210528,-6.7621529,0.4678172485356724,0.85
Barber,075ms,0.79,-30.743955157894746,-6.674714965789474,0.4739266389452172,0.85
Barber,075ms,0.795,-31.41275660526316,-6.583339719736841,0.4776494353851491,0.85
Barber,075ms,0.8,-32.083714736842104,-6.488956368421053,0.47999020314565927,0.85
Barber,075ms,0.805,-32.92558152631579,-6.392093455263158,0.4812480112289651,0.85
Barber,075ms,0.81,-33.59155689473685,-6.292647302631576,0.48036176319530827,0.85
Barber,075ms,0.8150000000000001,-34.06332207894738,-6.1910587249999995,0.4775186594103966,0.85
Barber,075ms,0.8200000000000001,-34.47340842105263,-6.087946410526314,0.4732509534903988,0.85
Barber,075ms,0.8250000000000001,-35.01601671052634,-5.983641546052629,0.4679117474010616,0.85
Barber,075ms,0.8300000000000001,-35.51683689473685,-5.878055821052631,0.4611277313816695,0.85
Barber,075ms,0.835,-35.89549697368422,-5.771189280263158,0.4528828249675345,0.85
Barber,075ms,0.84,-36.32855242105263,-5.663057178947369,0.443040999730596,0.85
Barber,075ms,0.845,-36.69610918421053,-5.553597668421053,0.4313423867145635,0.85
Barber,075ms,0.85,-36.97675184210526,-5.442431671052632,0.41721383782678106,0.85
Barber,075ms,0.855,-37.19389505263158,-5.327385915789474,0.4026310115806188,0.85
Barber,075ms,0.86,-37.30129715789474,-5.203230621052632,0.3844467310573846,0.85
Barber,075ms,0.865,-37.39531834210527,-5.03304655131579,0.37502116789368356,0.85
Barber,075ms,0.87,-37.488814,-4.814750200000001,0.3871828347589228,0.85
Barber,075ms,0.875,-37.51457105263158,-4.528525986842105,0.4727925725537784,0.85
Barber,075ms,0.88,-37.494437684210524,-4.204371642105262,0.5981038074509057,0.85
Barber,075ms,0.885,-37.44746526315789,-3.8695499763157883,0.6995546103570767,0.85
Barber,075ms,0.89,-37.35645126315789,-3.511688568421051,0.7918465747406909,0.85
Barber,075ms,0.895,-37.226602868421054,-3.1502018657894735,0.8511550635077958,0.85
Barber,075ms,0.9,-37.01918157894736,-2.7659022368421047,0.8766495794737987,0.85
Barber,075ms,0.905,-36.79504410526316,-2.3841666552631553,0.8811569349429148,0.85
Barber,075ms,0.91,-36.57702331578947,-2.006068357894734,0.897245007041273,0.85
Barber,075ms,0.915,-36.34788278947368,-1.635049352631576,0.9277459544530691,0.85
Barber,075ms,0.92,-36.10486357894737,-1.274377263157892,0.974162260242041,0.85
Barber,075ms,0.925,-35.73247171052632,-0.8973320263157875,1.0045008649962668,0.85
Barber,075ms,0.93,-35.263501210526314,-0.4704329921052597,0.9932960834068987,0.85
Barber,075ms,0.935,-34.69952860526315,-0.038737340789469256,0.9479307158727783,0.85
Barber,075ms,0.9400000000000001,-34.052126105263156,0.3680666421052678,0.8859310806086176,0.85
Barber,075ms,0.9450000000000001,-33.424466342105255,0.7512347421052689,0.8028741725032735,0.85
Barber,075ms,0.9500000000000001,-32.81847368421052,1.0947407236842157,0.7257409555149646,0.85
Barber,075ms,0.9550000000000001,-32.30013989473682,1.402506263157898,0.6572334158732139,0.85
Barber,075ms,0.96,-31.792305263157903,1.6813162842105243,0.5895756734124865,0.85
Barber,075ms,0.965,-31.36020755263158,1.929355880263156,0.5310475909159739,0.85
Barber,075ms,0.97,-30.89425794736842,2.1512200842105256,0.4783712755059811,0.85
Barber,075ms,0.975,-30.303261710526318,2.351250092105262,0.43097499280602863,0.85
Barber,075ms,0.98,-29.57196642105263,2.5290542105263154,0.3881550974379212,0.85
Barber,075ms,0.985,-29.082216473684213,2.6844065184210524,0.3504141812043826,0.85
Barber,075ms,0.99,-28.333397315789483,2.823349442105262,0.31568868514754206,0.85
Barber,075ms,0.995,-27.44099031578947,2.9477192947368422,0.2838288439054855,0.85
Barber,075ms,1.0,-26.642873684210528,3.0584476315789466,0.2548414060608573,0.85
Barber,125ms,0.0,-32.30106666666668,3.764836666666667,0.30678788327152406,0.8
Barber,125ms,0.005,-31.858178958333337,3.891256666666667,0.2860207026552604,0.8
Barber,125ms,0.01,-31.383426166666666,4.0130544666666665,0.26605874883836383,0.8
Barber,125ms,0.015,-30.822868416666665,4.117096700000001,0.24733191894543258,0.8
Barber,125ms,0.02,-30.266800999999997,4.213150533333333,0.22990619112367452,0.8
Barber,125ms,0.025,-29.718007500000002,4.297792333333333,0.21410861861421848,0.8
Barber,125ms,0.03,-29.204322375000004,4.371611333333333,0.20014160210966195,0.8
Barber,125ms,0.035,-28.69530485416666,4.438604466666667,0.1878915843303141,0.8
Barber,125ms,0.04,-28.315819333333337,4.4921468,0.17714075381526415,0.8
Barber,125ms,0.045,-27.991761333333333,4.5414886333333335,0.16785925738550198,0.8
Barber,125ms,0.05,-27.80377916666667,4.576426166666667,0.1586873196865633,0.8
Barber,125ms,0.055,-27.588685708333333,4.607070800000001,0.15059741013691655,0.8
Barber,125ms,0.06,-27.350309749999994,4.6257258000000006,0.1420085902241598,0.8
Barber,125ms,0.065,-27.108151687499998,4.638204033333334,0.13499990332820822,0.8
Barber,125ms,0.07,-26.888907125000006,4.642451266666667,0.1285459551085483,0.8
Barber,125ms,0.075,-26.723562812499996,4.6389484166666675,0.12444002217933366,0.8
Barber,125ms,0.08,-26.584080833333335,4.6301998666666675,0.12234071537857799,0.8
Barber,125ms,0.085,-26.581687,4.613517916666666,0.12258838528985141,0.8
Barber,125ms,0.09,-26.61701004166666,4.5930791,0.12539007888607723,0.8
Barber,125ms,0.095,-26.677129875000002,4.565138316666667,0.12954185870443474,0.8
Barber,125ms,0.1,-26.733911250000002,4.533665666666668,0.13554522287864754,0.8
Barber,125ms,0.105,-26.736708645833332,4.496075100000001,0.14246476246877104,0.8
Barber,125ms,0.11,-26.689931499999997,4.4547327,0.15058930611386945,0.8
Barber,125ms,0.115,-26.608112916666666,4.408980816666666,0.15963352840634626,0.8
Barber,125ms,0.12,-26.48792783333333,4.359280933333333,0.16915623195482796,0.8
Barber,125ms,0.125,-26.372930729166665,4.3060191666666645,0.17906223889839418,0.8
Barber,125ms,0.13,-26.202542625000003,4.248464333333334,0.18818213803297656,0.8
Barber,125ms,0.135,-25.864467520833333,4.18769045,0.19724176471161187,0.8
Barber,125ms,0.14,-25.45226774999999,4.122728133333331,0.205130382230706,0.8
Barber,125ms,0.145,-25.022876937499998,4.054715783333334,0.21308849931997678,0.8
Barber,125ms,0.15,-24.530649166666667,3.983056,0.2202258732544083,0.8
Barber,125ms,0.155,-23.957352125000003,3.9080114666666668,0.2277920416813448,0.8
Barber,125ms,0.16,-23.353058,3.8235997333333325,0.2447365212022287,0.8
Barber,125ms,0.165,-22.746212541666665,3.7356643999999997,0.2648568684640317,0.8
Barber,125ms,0.17,-22.242355916666668,3.6399993000000004,0.29189840254228305,0.8
Barber,125ms,0.17500000000000002,-21.811987604166664,3.53019675,0.3243250299564788,0.8
Barber,125ms,0.18,-21.317854499999996,3.3907975333333336,0.373327051304093,0.8
Barber,125ms,0.185,-20.924786520833333,3.198978516666667,0.41921542319932964,0.8
Barber,125ms,0.19,-20.642186208333335,2.986451433333334,0.4609576728911224,0.8
Barber,125ms,0.195,-20.2528578125,2.76123345,0.4771450649953997,0.8
Barber,125ms,0.2,-19.7535325,2.5409566666666668,0.47873530258472574,0.8
Barber,125ms,0.20500000000000002,-19.300567687499992,2.334471866666666,0.4703055000862124,0.8
Barber,125ms,0.21,-18.779878499999995,2.133399466666667,0.43412599957061127,0.8
Barber,125ms,0.215,-18.11847764583333,1.9489547833333338,0.3964905613314477,0.8
Barber,125ms,0.22,-17.475264166666673,1.7804464666666666,0.3633085022645386,0.8
Barber,125ms,0.225,-16.872761875,1.6263232500000002,0.3324975681398852,0.8
Barber,125ms,0.23,-16.36920195833333,1.4860286333333335,0.30422336723225635,0.8
Barber,125ms,0.23500000000000001,-15.980701687500002,1.357503083333333,0.2789051969760688,0.8
Barber,125ms,0.24,-15.612158166666662,1.240280666666667,0.25475659717407834,0.8
Barber,125ms,0.245,-15.26602997916667,1.1329313166666672,0.23398591576607009,0.8
Barber,125ms,0.25,-14.964116666666667,1.0348433333333336,0.21331706734863537,0.8
Barber,125ms,0.255,-14.635989166666663,0.9455627,0.1960800487505805,0.8
Barber,125ms,0.26,-14.146177666666661,0.863842333333333,0.17900035906703907,0.8
Barber,125ms,0.265,-13.571377541666662,0.7892288833333332,0.16412741584569715,0.8
Barber,125ms,0.27,-13.034758583333334,0.720867233333333,0.15020630766790577,0.8
Barber,125ms,0.275,-12.526859374999995,0.6586241666666663,0.13733463313250197,0.8
Barber,125ms,0.28,-12.072563166666662,0.6016782666666664,0.12611597272260516,0.8
Barber,125ms,0.28500000000000003,-11.630129166666665,0.5496766166666663,0.11502343961987214,0.8
Barber,125ms,0.29,-11.17236016666667,0.5022183333333335,0.10584665092252835,0.8
Barber,125ms,0.295,-10.700815770833335,0.45876723333333347,0.09643433782050305,0.8
Barber,125ms,0.3,-10.276512916666666,0.4191443333333335,0.08876159840769485,0.8
Barber,125ms,0.305,-9.926444375,0.38292420000000005,0.08100768148679893,0.8
Barber,125ms,0.31,-9.587570166666668,0.3498676666666667,0.07436343658435615,0.8
Barber,125ms,0.315,-9.24993622916667,0.31952014999999995,0.06805608396823047,0.8
Barber,125ms,0.32,-8.89179116666667,0.2920201333333334,0.06224433095799884,0.8
Barber,125ms,0.325,-8.532866458333332,0.2667115833333334,0.057163613400423335,0.8
Barber,125ms,0.33,-8.141138666666665,0.2436660999999999,0.05207110189362875,0.8
Barber,125ms,0.335,-7.656912958333329,0.22266604999999992,0.04797857681525683,0.8
Barber,125ms,0.34,-7.162414416666664,0.2033806,0.0437082318881314,0.8
Barber,125ms,0.34500000000000003,-6.764431916666665,0.18584238333333325,0.040271855827857264,0.8
Barber,125ms,0.35000000000000003,-6.391307499999996,0.16975666666666658,0.0367576533466917,0.8
Barber,125ms,0.355,-6.005194958333334,0.15513013333333342,0.033749698890640355,0.8
Barber,125ms,0.36,-5.6671923333333325,0.14165453333333336,0.030891639263867017,0.8
Barber,125ms,0.365,-5.395314687500001,0.12948523333333334,0.028259877428825176,0.8
Barber,125ms,0.37,-5.126836833333333,0.11825816666666666,0.025948547305752773,0.8
Barber,125ms,0.375,-4.826416145833334,0.10804375000000002,0.02367787290075203,0.8
Barber,125ms,0.38,-4.541373083333334,0.09873133333333337,0.021796947974327876,0.8
Barber,125ms,0.385,-4.278385583333334,0.09017985,0.019874434944022107,0.8
Barber,125ms,0.39,-3.939390458333332,0.08242379999999999,0.018287037878234956,0.8
Barber,125ms,0.395,-3.5603958541666647,0.07526149999999997,0.0167090353227428,0.8
Barber,125ms,0.4,-3.2024816666666656,0.06878866666666665,0.015345322486745673,0.8
Barber,125ms,0.405,-2.8797445833333324,0.06282394999999998,0.014039109341793497,0.8
Barber,125ms,0.41000000000000003,-2.6058887499999988,0.057421933333333314,0.012863606958996979,0.8
Barber,125ms,0.41500000000000004,-2.302535604166664,0.05244569999999996,0.011799554003577142,0.8
Barber,125ms,0.42,-1.9494623333333345,0.047916533333333344,0.010797617975996179,0.8
Barber,125ms,0.425,-1.6268409375000006,0.04378966666666668,0.009908718697299989,0.8
Barber,125ms,0.43,-1.3548130416666668,0.03999586666666668,0.00906675511721562,0.8
Barber,125ms,0.435,-1.1214479166666667,0.03655773333333334,0.008317951999273758,0.8
Barber,125ms,0.44,-0.8666789999999994,0.033384533333333334,0.0076030342668057405,0.8
Barber,125ms,0.445,-0.6046971666666664,0.030507766666666675,0.006987868777547435,0.8
Barber,125ms,0.45,-0.35512999999999967,0.027860166666666672,0.006388397345100643,0.8
Barber,125ms,0.455,-0.046329416666665756,0.025456733333333332,0.0058632283606293994,0.8
Barber,125ms,0.46,0.31942883333333455,0.023253866666666668,0.005367638629995713,0.8
Barber,125ms,0.465,0.6879750625000011,0.021243983333333327,0.004926930575898368,0.8
Barber,125ms,0.47000000000000003,1.0008156666666685,0.019422466666666662,0.00450601376483571,0.8
Barber,125ms,0.47500000000000003,1.3264020833333356,0.01775149999999999,0.00413399501088233,0.8
Barber,125ms,0.48,1.6802081666666646,0.016223733333333344,0.0037908668818036305,0.8
Barber,125ms,0.485,1.9726547499999987,0.014815566666666672,0.003467163714847567,0.8
Barber,125ms,0.49,2.17033325,0.0135288,0.0031846078565500044,0.8
Barber,125ms,0.495,2.334432833333333,0.01235956666666667,0.002913242356130977,0.8
Barber,125ms,0.5,2.490470833333334,0.011291666666666665,0.002678718080641476,0.8
Barber,125ms,0.505,2.629310479166667,0.010313916666666664,0.0024452527448893453,0.8
Barber,125ms,0.51,2.741831958333334,0.009422366666666666,0.0022490796633783824,0.8
Barber,125ms,0.515,2.853243458333333,0.008611016666666667,0.0020552035778454865,0.8
Barber,125ms,0.52,2.9484506666666666,0.007869999999999999,0.001882928740021777,0.8
Barber,125ms,0.525,2.9906183333333334,0.007193333333333329,0.0017273104012372011,0.8
Barber,125ms,0.53,2.9808654166666657,0.006574866666666664,0.0015911522519510475,0.8
Barber,125ms,0.535,2.931099145833332,0.005999816666666664,0.0014641099775593663,0.8
Barber,125ms,0.54,2.8103434999999983,0.005476866666666666,0.0013369724587872223,0.8
Barber,125ms,0.545,2.621499729166665,0.004990549999999996,0.0012478103692067947,0.8
Barber,125ms,0.55,2.4048424999999987,0.004442499999999994,0.0012883052498017234,0.8
Barber,125ms,0.555,2.1250388958333297,-0.008773466666666953,0.055028963392462875,0.8
Barber,125ms,0.56,1.8228134999999954,-0.042732400000001114,0.1406536227981369,0.8
Barber,125ms,0.5650000000000001,1.5069974583333277,-0.14049338333333553,0.2681153065792421,0.8
Barber,125ms,0.5700000000000001,1.1306999583333284,-0.3118808000000028,0.42432624177793726,0.8
Barber,125ms,0.5750000000000001,0.6869048958333273,-0.5879756666666708,0.5701043152922901,0.8
Barber,125ms,0.58,0.0681619166666733,-0.9920112666666624,0.6730822685628813,0.8
Barber,125ms,0.585,-0.7244382291666579,-1.4904013166666614,0.6888093110131668,0.8
Barber,125ms,0.59,-1.652954333333323,-1.9971573999999952,0.6783971489201591,0.8
Barber,125ms,0.595,-2.651748374999993,-2.4924313166666634,0.6683860631106495,0.8
Barber,125ms,0.6,-3.589933333333328,-2.968558666666664,0.6573641980299474,0.8
Barber,125ms,0.605,-4.503346791666661,-3.427574099999997,0.6496567408704514,0.8
Barber,125ms,0.61,-5.426995999999999,-3.8660049999999995,0.6440252271754267,0.8
Barber,125ms,0.615,-6.257086041666668,-4.2883556,0.6393824878931544,0.8
Barber,125ms,0.62,-6.98252175,-4.691834133333334,0.6363158765535101,0.8
Barber,125ms,0.625,-7.743153645833334,-5.078577916666666,0.6319833886792381,0.8
Barber,125ms,0.63,-8.552644833333336,-5.4481348999999994,0.6291263540932857,0.8
Barber,125ms,0.635,-9.301400729166671,-5.799453583333335,0.6239423645292299,0.8
Barber,125ms,0.64,-10.264966166666666,-6.135963733333333,0.6200638714845076,0.8
Barber,125ms,0.645,-11.73938083333333,-6.453621700000001,0.6137813101074168,0.8
Barber,125ms,0.65,-13.248502291666666,-6.756795666666666,0.6082604167075332,0.8
Barber,125ms,0.655,-14.544332104166665,-7.043745133333335,0.6018195082931056,0.8
Barber,125ms,0.66,-15.771662000000001,-7.315535199999999,0.5947683321902962,0.8
Barber,125ms,0.665,-17.142071958333343,-7.5723719,0.5883998725152283,0.8
Barber,125ms,0.67,-18.658496750000015,-7.814454533333334,0.5801177333967382,0.8
Barber,125ms,0.675,-19.945028854166676,-8.04229091666667,0.5733887733972413,0.8
Barber,125ms,0.68,-20.818097833333336,-8.254170933333338,0.5632015319319441,0.8
Barber,125ms,0.685,-21.489463104166674,-8.453456783333335,0.5542421539507975,0.8
Barber,125ms,0.6900000000000001,-22.26421483333334,-8.6367594,0.5422623270561334,0.8
Barber,125ms,0.6950000000000001,-23.117333354166675,-8.806727016666668,0.5295008358963996,0.8
Barber,125ms,0.7000000000000001,-23.920914166666677,-8.962400000000002,0.5155998622342718,0.8
Barber,125ms,0.705,-24.927322270833326,-9.103983016666666,0.49914752399323137,0.8
Barber,125ms,0.71,-26.188159124999984,-9.230821166666665,0.48219902046835306,0.8
Barber,125ms,0.715,-27.260184916666663,-9.33994408333333,0.4444125118049521,0.8
Barber,125ms,0.72,-28.267936833333323,-9.454592266666664,0.39875908379542796,0.8
Barber,125ms,0.725,-29.399234999999994,-9.558498833333333,0.3620079820114085,0.8
Barber,125ms,0.73,-30.422815333333332,-9.638579466666666,0.3406952754334126,0.8
Barber,125ms,0.735,-31.470679104166667,-9.699801666666668,0.3249311026046735,0.8
Barber,125ms,0.74,-32.38062875,-9.745538666666667,0.323494757262714,0.8
Barber,125ms,0.745,-33.09179666666667,-9.784285050000001,0.32332133999862145,0.8
Barber,125ms,0.75,-33.83158541666668,-9.814633333333333,0.31455017472928265,0.8
Barber,125ms,0.755,-34.467935687499995,-9.833076,0.30826214241362826,0.8
Barber,125ms,0.76,-35.110148333333335,-9.838043733333336,0.2994844290953071,0.8
Barber,125ms,0.765,-35.84889039583333,-9.830824316666666,0.2913214600455191,0.8
Barber,125ms,0.77,-36.67265000000001,-9.810783800000003,0.28226029370080846,0.8
Barber,125ms,0.775,-37.51491302083334,-9.779155166666666,0.2739813628016308,0.8
Barber,125ms,0.78,-38.349551583333344,-9.736379466666666,0.26761118163850245,0.8
Barber,125ms,0.785,-39.332278791666674,-9.683640266666668,0.26285447055346467,0.8
Barber,125ms,0.79,-40.301715166666675,-9.621832200000002,0.2623251042780061,0.8
Barber,125ms,0.795,-41.07910625,-9.550993349999999,0.26397091104258225,0.8
Barber,125ms,0.8,-41.73162500000001,-9.472200666666668,0.26970761511846303,0.8
Barber,125ms,0.805,-42.20033820833334,-9.384167733333333,0.27654550097671515,0.8
Barber,125ms,0.81,-42.64750558333334,-9.2894125,0.2863469346405109,0.8
Barber,125ms,0.8150000000000001,-43.145467770833335,-9.1861882,0.29740587555323594,0.8
Barber,125ms,0.8200000000000001,-43.531566500000004,-9.077413733333335,0.31091792871591634,0.8
Barber,125ms,0.8250000000000001,-43.882989166666675,-8.960839666666665,0.32464280406710977,0.8
Barber,125ms,0.8300000000000001,-44.34498620833333,-8.8386253,0.3389960596744701,0.8
Barber,125ms,0.835,-44.80726199999999,-8.70980581666667,0.3524177915990995,0.8
Barber,125ms,0.84,-45.158551166666676,-8.574902533333335,0.3649993923694424,0.8
Barber,125ms,0.845,-45.44737737500001,-8.4344952,0.3768670037131757,0.8
Barber,125ms,0.85,-45.76150770833333,-8.2877085,0.3876921966634743,0.8
Barber,125ms,0.855,-45.98450097916666,-8.128583366666668,0.41485125897746244,0.8
Barber,125ms,0.86,-46.07803066666667,-7.938011400000001,0.48697239340109155,0.8
Barber,125ms,0.865,-46.138987291666666,-7.7285149,0.5861389852868606,0.8
Barber,125ms,0.87,-46.14241516666666,-7.482700000000001,0.7089692116636935,0.8
Barber,125ms,0.875,-46.11579635416667,-7.19107125,0.8355342505363087,0.8
Barber,125ms,0.88,-46.055343666666666,-6.818359600000001,0.956772233611296,0.8
Barber,125ms,0.885,-45.97881024999999,-6.35840325,1.0569745939180268,0.8
Barber,125ms,0.89,-45.854478666666665,-5.7854658,1.1528490469136536,0.8
Barber,125ms,0.895,-45.65644768749999,-5.115128616666665,1.2197085718994678,0.8
Barber,125ms,0.9,-45.408645,-4.423015333333333,1.2512756052283431,0.8
Barber,125ms,0.905,-45.1044290625,-3.7201625499999973,1.2101422695536408,0.8
Barber,125ms,0.91,-44.76666116666666,-3.030136099999996,1.1248227475781434,0.8
Barber,125ms,0.915,-44.363606,-2.406679599999997,1.053305332298659,0.8
Barber,125ms,0.92,-43.93557816666666,-1.810867066666663,0.9821472220840675,0.8
Barber,125ms,0.925,-43.41622385416667,-1.2704168333333277,0.9181523063558887,0.8
Barber,125ms,0.93,-42.94858983333332,-0.7592530999999952,0.8597836324850352,0.8
Barber,125ms,0.935,-42.508289749999996,-0.28814144999999597,0.8020082278409346,0.8
Barber,125ms,0.9400000000000001,-41.960676333333325,0.14813500000000435,0.7525771942278427,0.8
Barber,125ms,0.9450000000000001,-41.37440679166666,0.5601485333333392,0.7018576821162027,0.8
Barber,125ms,0.9500000000000001,-40.822764583333324,0.9321000000000046,0.659517020311076,0.8
Barber,125ms,0.9550000000000001,-40.20430397916665,1.290682450000003,0.6163722727454717,0.8
Barber,125ms,0.96,-39.2070895,1.609184799999997,0.5791918058832907,0.8
Barber,125ms,0.965,-38.24394275,1.9171512166666649,0.5432355931873573,0.8
Barber,125ms,0.97,-37.44737116666667,2.193013633333331,0.5092871861200247,0.8
Barber,125ms,0.975,-36.55027802083334,2.454582083333332,0.47805766929262145,0.8
Barber,125ms,0.98,-35.50656825000001,2.694284333333333,0.44796251294553174,0.8
Barber,125ms,0.985,-34.73872418750001,2.914689133333333,0.4204504521855686,0.8
Barber,125ms,0.99,-34.140936958333334,3.1219972,0.39377544008181475,0.8
Barber,125ms,0.995,-33.59527256249999,3.3061401,0.3692313095382578,0.8
Barber,125ms,1.0,-33.05591666666667,3.484436666666667,0.3453141325260556,0.8
Barber,175msw,0.0,-30.08593333333333,3.194014285714286,0.5897453294477559,1.0
Barber,175msw,0.005,-29.810728238095233,3.463436142857143,0.5559948350302054,1.0
Barber,175msw,0.01,-29.538748476190477,3.7320559047619044,0.5243793732423033,1.0
Barber,175msw,0.015,-29.38765904761905,3.965261333333332,0.49616025256689594,1.0
Barber,175msw,0.02,-29.24065542857143,4.196836666666665,0.470537641973958,1.0
Barber,175msw,0.025,-29.02017095238095,4.397731428571429,0.447171920489368,1.0
Barber,175msw,0.03,-28.784828952380956,4.596314095238095,0.4267037232207696,1.0
Barber,175msw,0.035,-28.423616023809522,4.768409714285715,0.4081530054421869,1.0
Barber,175msw,0.04,-28.054049714285707,4.937651619047618,0.3926792712070048,1.0
Barber,175msw,0.045,-27.750881571428575,5.083988333333334,0.3790003102777137,1.0
Barber,175msw,0.05,-27.461324047619048,5.227132619047619,0.36834092500995347,1.0
Barber,175msw,0.055,-27.234058047619047,5.350754666666667,0.358935938959246,1.0
Barber,175msw,0.06,-26.999630571428572,5.470855142857144,0.3522821061168484,1.0
Barber,175msw,0.065,-26.796652166666668,5.574016880952381,0.3464518898760523,1.0
Barber,175msw,0.07,-26.570941761904763,5.673495428571429,0.3429180908419984,1.0
Barber,175msw,0.075,-26.319771309523805,5.758278571428572,0.3398978691684033,1.0
Barber,175msw,0.08,-26.15193866666667,5.8393140952380955,0.3387243783499533,1.0
Barber,175msw,0.085,-26.187137500000002,5.907365452380952,0.33770083872658746,1.0
Barber,175msw,0.09,-26.228138142857148,5.971568238095238,0.3381514687305935,1.0
Barber,175msw,0.095,-26.28509178571429,6.023833857142855,0.33865068207991816,1.0
Barber,175msw,0.1,-26.360234761904763,6.071959047619048,0.34029733840114373,1.0
Barber,175msw,0.105,-26.405284357142857,6.107988619047618,0.3421177692274117,1.0
Barber,175msw,0.11,-26.42460476190476,6.1393333809523805,0.34487064506571913,1.0
Barber,175msw,0.115,-26.35010211904762,6.15795761904762,0.34829009925740895,1.0
Barber,175msw,0.12,-26.233793714285714,6.170982095238095,0.35231271771942624,1.0
Barber,175msw,0.125,-26.01651845238095,6.170905357142857,0.3571442448098041,1.0
Barber,175msw,0.13,-25.761384666666665,6.164537190476191,0.3624339259586127,1.0
Barber,175msw,0.135,-25.49036552380952,6.145509571428572,0.36857809721056933,1.0
Barber,175msw,0.14,-25.19679504761904,6.119717904761906,0.3750288625969378,1.0
Barber,175msw,0.145,-24.747496547619047,6.082777952380951,0.3823094849471061,1.0
Barber,175msw,0.15,-24.218800476190477,6.038934285714286,0.38929398412928456,1.0
Barber,175msw,0.155,-23.764064333333334,5.9853079523809525,0.3971257675091255,1.0
Barber,175msw,0.16,-23.31638742857143,5.9249579047619045,0.4043099132603135,1.0
Barber,175msw,0.165,-22.743236833333334,5.855533476190476,0.41190959774990366,1.0
Barber,175msw,0.17,-22.23818276190476,5.779547095238095,0.4187236886678492,1.0
Barber,175msw,0.17500000000000002,-21.8192919047619,5.694929642857143,0.4257993574822688,1.0
Barber,175msw,0.18,-21.27329980952381,5.603994,0.43208583217292773,1.0
Barber,175msw,0.185,-20.68287471428572,5.490758190476192,0.45288414516427705,1.0
Barber,175msw,0.19,-20.127905619047617,5.362023761904762,0.4878038305213728,1.0
Barber,175msw,0.195,-19.527959452380955,5.1972983333333325,0.5365730713954051,1.0
Barber,175msw,0.2,-18.982414285714288,5.005004761904761,0.603363863807531,1.0
Barber,175msw,0.20500000000000002,-18.466822714285712,4.781469238095237,0.6745546960936284,1.0
Barber,175msw,0.21,-17.9006820952381,4.526047523809524,0.7247322269948508,1.0
Barber,175msw,0.215,-17.27603033333333,4.240096357142857,0.7397594405838993,1.0
Barber,175msw,0.22,-16.67178047619047,3.934968,0.7193004340824759,1.0
Barber,175msw,0.225,-16.133721904761906,3.6384640476190473,0.6781024095216688,1.0
Barber,175msw,0.23,-15.434495666666667,3.3529900952380935,0.6286698946740009,1.0
Barber,175msw,0.23500000000000001,-14.662102595238096,3.090833142857142,0.5772030218359282,1.0
Barber,175msw,0.24,-13.953339047619052,2.847053523809524,0.5327231445462097,1.0
Barber,175msw,0.245,-13.283832880952383,2.62361,0.4875606865569951,1.0
Barber,175msw,0.25,-12.646126190476192,2.416746428571428,0.450102193441463,1.0
Barber,175msw,0.255,-12.100116309523811,2.2271267857142854,0.4119422649954829,1.0
Barber,175msw,0.26,-11.61742580952381,2.0516759047619053,0.3803818824589815,1.0
Barber,175msw,0.265,-10.932906714285716,1.890740738095238,0.34827102563943396,1.0
Barber,175msw,0.27,-10.265821142857142,1.7417530476190475,0.32152460312562864,1.0
Barber,175msw,0.275,-9.76782833333333,1.605149047619047,0.29449503415398187,1.0
Barber,175msw,0.28,-9.25564876190476,1.47864038095238,0.2718114072126159,1.0
Barber,175msw,0.28500000000000003,-8.675236119047613,1.3627015952380945,0.2490610435093036,1.0
Barber,175msw,0.29,-7.957823714285715,1.2552844285714289,0.2298273962047278,1.0
Barber,175msw,0.295,-7.241022523809524,1.1568718095238097,0.21068182955909728,1.0
Barber,175msw,0.3,-6.68902761904762,1.0656514285714287,0.19435344896999024,1.0
Barber,175msw,0.305,-6.194575928571429,0.982121380952381,0.17823796152201002,1.0
Barber,175msw,0.31,-5.629683952380953,0.9046709523809526,0.16438380465399116,1.0
Barber,175msw,0.315,-5.062788333333335,0.8337806428571428,0.15083397900041828,1.0
Barber,175msw,0.32,-4.479350666666668,0.7680139047619049,0.13907655607234207,1.0
Barber,175msw,0.325,-3.871888571428572,0.7078409523809522,0.12767487251030069,1.0
Barber,175msw,0.33,-3.2800775238095228,0.6519906666666666,0.11768231150223012,1.0
Barber,175msw,0.335,-2.6665388571428554,0.6009106904761903,0.10808646835481345,1.0
Barber,175msw,0.34,-2.1232306666666654,0.5535001904761903,0.09957795873710922,1.0
Barber,175msw,0.34500000000000003,-1.640927928571425,0.510141214285714,0.09151905453895423,1.0
Barber,175msw,0.35000000000000003,-1.0980573809523768,0.46989571428571386,0.08426955085130255,1.0
Barber,175msw,0.355,-0.556042047619049,0.4330827142857143,0.07750830570310509,1.0
Barber,175msw,0.36,-0.0878881904761912,0.3989264761904763,0.07132727107102801,1.0
Barber,175msw,0.365,0.33833473809523756,0.3676648571428571,0.06566668203622182,1.0
Barber,175msw,0.37,0.7439645238095235,0.33866361904761916,0.06039712370830111,1.0
Barber,175msw,0.375,1.1979273809523807,0.3121208333333333,0.055643715328467715,1.0
Barber,175msw,0.38,1.7220386666666678,0.2875061904761903,0.051143210696481194,1.0
Barber,175msw,0.385,2.189928738095239,0.2649977857142856,0.04715779891152967,1.0
Barber,175msw,0.39,2.6056863809523825,0.24407833333333326,0.043316952454397185,1.0
Barber,175msw,0.395,3.0364369285714297,0.22498528571428564,0.039970347173627,1.0
Barber,175msw,0.4,3.4986904761904776,0.20720952380952376,0.036695443401598374,1.0
Barber,175msw,0.405,3.9623621428571454,0.1910246904761904,0.033888348922979754,1.0
Barber,175msw,0.41000000000000003,4.451629285714291,0.17591609523809518,0.031094747294748374,1.0
Barber,175msw,0.41500000000000004,4.9457767619047655,0.16218599999999986,0.028740797402945203,1.0
Barber,175msw,0.42,5.35349380952381,0.14934609523809525,0.026355397621748263,1.0
Barber,175msw,0.425,5.769968809523808,0.13769226190476191,0.02437209221855969,1.0
Barber,175msw,0.43,6.278999761904761,0.12676861904761907,0.02233893701370982,1.0
Barber,175msw,0.435,6.797463333333333,0.11689892857142856,0.020684017672546875,1.0
Barber,175msw,0.44,7.277080952380954,0.10763295238095237,0.01894764374966975,1.0
Barber,175msw,0.445,7.806934285714287,0.09925816666666666,0.017546672103641147,1.0
Barber,175msw,0.45,8.348483571428572,0.09137261904761904,0.016068647868786774,1.0
Barber,175msw,0.455,8.723424714285715,0.08426892857142856,0.014901620483377377,1.0
Barber,175msw,0.46,9.024713333333338,0.07757238095238093,0.013642610776799869,1.0
Barber,175msw,0.465,9.357755809523812,0.07154847619047618,0.012656528673335221,1.0
Barber,175msw,0.47000000000000003,9.752881333333336,0.06585247619047616,0.011574753341479877,1.0
Barber,175msw,0.47500000000000003,10.20871321428572,0.06074333333333329,0.010740878559141336,1.0
Barber,175msw,0.48,10.576858857142856,0.055904000000000016,0.00981748092992922,1.0
Barber,175msw,0.485,10.88737738095238,0.05157109523809524,0.00911979172905861,1.0
Barber,175msw,0.49,11.227198333333334,0.04745738095238095,0.008339114104348937,1.0
Barber,175msw,0.495,11.554337142857142,0.043785,0.007751467423287391,1.0
Barber,175msw,0.5,11.834238095238096,0.0402952380952381,0.0070759469290908785,1.0
Barber,175msw,0.505,11.974092785714285,0.03718007142857143,0.00657619461768429,1.0
Barber,175msw,0.51,12.077872761904763,0.034211190476190464,0.006014764450274857,1.0
Barber,175msw,0.515,12.196248547619048,0.03156069047619047,0.005594218115238419,1.0
Barber,175msw,0.52,12.318208952380953,0.02904019047619048,0.0051199831065480966,1.0
Barber,175msw,0.525,12.38617488095238,0.02678845238095238,0.004755904067339082,1.0
Barber,175msw,0.53,12.41230880952381,0.024659904761904758,0.004345307243285422,1.0
Barber,175msw,0.535,12.367228952380954,0.022751928571428572,0.004033994880670885,1.0
Barber,175msw,0.54,12.270895999999999,0.0209447619047619,0.003693386598009782,1.0
Barber,175msw,0.545,12.13454780952381,0.019320428571428565,0.0034283301616499715,1.0
Barber,175msw,0.55,11.960639047619045,0.017784999999999992,0.0031451682519911925,1.0
Barber,175msw,0.555,11.670349428571429,0.016382476190476183,0.0029265704798009944,1.0
Barber,175msw,0.56,11.330410666666662,0.014959999999999984,0.0027077401577523565,1.0
Barber,175msw,0.5650000000000001,10.857083047619037,0.002318833333332755,0.01998652790919727,1.0
Barber,175msw,0.5700000000000001,10.35177428571428,-0.028774285714288476,0.10211171357607682,1.0
Barber,175msw,0.5750000000000001,9.879740952380944,-0.1836648809523855,0.28396787668288453,1.0
Barber,175msw,0.58,9.302662095238098,-0.43800971428571295,0.4726071572636955,1.0
Barber,175msw,0.585,8.533296428571433,-0.7910763809523796,0.6125465398969585,1.0
Barber,175msw,0.59,7.717473380952384,-1.2064236190476179,0.6941157633810419,1.0
Barber,175msw,0.595,6.930838095238094,-1.6638950714285712,0.7362208308674928,1.0
Barber,175msw,0.6,6.153148571428572,-2.1601438095238086,0.7331886392131305,1.0
Barber,175msw,0.605,5.355003952380952,-2.6612595714285714,0.711186009568662,1.0
Barber,175msw,0.61,4.427987142857143,-3.156631714285714,0.6957015436926235,1.0
Barber,175msw,0.615,3.463453119047619,-3.6441991190476184,0.6780924338968232,1.0
Barber,175msw,0.62,2.5247464761904777,-4.124023904761904,0.6665877049912604,1.0
Barber,175msw,0.625,1.501854166666667,-4.594224999999999,0.6519662625359687,1.0
Barber,175msw,0.63,0.5243270000000002,-5.054830333333333,0.643192831839894,1.0
Barber,175msw,0.635,-0.4803409285714302,-5.50380623809524,0.630344496270975,1.0
Barber,175msw,0.64,-1.5019491428571423,-5.942107428571429,0.6229310060339992,1.0
Barber,175msw,0.645,-2.3970767380952362,-6.367636595238094,0.6109747858413604,1.0
Barber,175msw,0.65,-3.3652695238095243,-6.781546904761906,0.6043767051829515,1.0
Barber,175msw,0.655,-4.517058428571433,-7.181604738095241,0.5934432340810982,1.0
Barber,175msw,0.66,-5.617390285714292,-7.569469523809526,0.5877995935126842,1.0
Barber,175msw,0.665,-6.692658690476198,-7.941765309523814,0.5784790554744237,1.0
Barber,175msw,0.67,-7.870566095238101,-8.30154580952381,0.5746848486007751,1.0
Barber,175msw,0.675,-9.057747023809526,-8.6449125,0.5676480399199834,1.0
Barber,175msw,0.68,-10.25088590476191,-8.975290285714287,0.5664565079742607,1.0
Barber,175msw,0.685,-11.337949904761913,-9.28912942857143,0.562670415277119,1.0
Barber,175msw,0.6900000000000001,-12.322327000000016,-9.590053666666671,0.5643834806353989,1.0
Barber,175msw,0.6950000000000001,-13.376773547619067,-9.874975357142862,0.5641638207562077,1.0
Barber,175msw,0.7000000000000001,-14.354213333333345,-10.146975238095242,0.5686230808894256,1.0
Barber,175msw,0.705,-15.294398547619043,-10.403084857142854,0.5708587433954669,1.0
Barber,175msw,0.71,-16.43735542857142,-10.646993619047615,0.5765054707553152,1.0
Barber,175msw,0.715,-17.609303166666663,-10.8771935,0.5788807289927405,1.0
Barber,175msw,0.72,-18.671706285714283,-11.094668952380955,0.5863295718285212,1.0
Barber,175msw,0.725,-19.637949761904764,-11.305311904761902,0.5947879753933855,1.0
Barber,175msw,0.73,-20.578376476190474,-11.515404523809522,0.6072277520696687,1.0
Barber,175msw,0.735,-21.600160952380953,-11.691993333333334,0.6101527288083839,1.0
Barber,175msw,0.74,-22.55465123809524,-11.837465523809524,0.6152064025014863,1.0
Barber,175msw,0.745,-23.395577357142855,-11.975815071428572,0.6252780398581609,1.0
Barber,175msw,0.75,-24.224538095238092,-12.11921666666667,0.646011872142001,1.0
Barber,175msw,0.755,-25.10971676190476,-12.243624523809526,0.6529475924027768,1.0
Barber,175msw,0.76,-26.052608952380957,-12.350071428571429,0.6566014887345561,1.0
Barber,175msw,0.765,-26.961739880952386,-12.452913857142857,0.6632111485285443,1.0
Barber,175msw,0.77,-27.796740571428575,-12.545868857142858,0.6709003213330493,1.0
Barber,175msw,0.775,-28.528541547619056,-12.627636904761903,0.6774224201944353,1.0
Barber,175msw,0.78,-29.314834571428577,-12.70057980952381,0.6844316437854268,1.0
Barber,175msw,0.785,-30.130898690476197,-12.762852380952381,0.690166334996722,1.0
Barber,175msw,0.79,-30.90017790476191,-12.816874142857145,0.696379864877215,1.0
Barber,175msw,0.795,-31.649309285714292,-12.860411023809522,0.7013335661447729,1.0
Barber,175msw,0.8,-32.41911047619048,-12.895475238095239,0.7069622160552186,1.0
Barber,175msw,0.805,-33.148142666666665,-12.91932711904762,0.711804882801826,1.0
Barber,175msw,0.81,-33.80105076190477,-12.933847809523812,0.7176155422079044,1.0
Barber,175msw,0.8150000000000001,-34.50128071428573,-12.934405619047617,0.7235639762588526,1.0
Barber,175msw,0.8200000000000001,-35.18149485714287,-12.924460476190475,0.7303779369248706,1.0
Barber,175msw,0.8250000000000001,-35.730460833333346,-12.897270833333332,0.7366956174155279,1.0
Barber,175msw,0.8300000000000001,-36.300797285714296,-12.858163238095239,0.7439164977310102,1.0
Barber,175msw,0.835,-36.83136102380952,-12.800019023809526,0.7505026489892416,1.0
Barber,175msw,0.84,-37.25091885714286,-12.728996952380953,0.7583699392172836,1.0
Barber,175msw,0.845,-37.66189233333332,-12.638081547619047,0.7653620035972847,1.0
Barber,175msw,0.85,-38.07283785714286,-12.534501190476188,0.7732399989898793,1.0
Barber,175msw,0.855,-38.33955540476191,-12.411640523809524,0.7793563366309388,1.0
Barber,175msw,0.86,-38.5511279047619,-12.27666304761905,0.7870253845266866,1.0
Barber,175msw,0.865,-38.76716916666666,-12.112038690476192,0.7960933834917366,1.0
Barber,175msw,0.87,-38.99049847619048,-11.925896714285715,0.8249029635958143,1.0
Barber,175msw,0.875,-39.16927738095238,-11.685792261904762,0.8843453015834268,1.0
Barber,175msw,0.88,-39.29607847619048,-11.411669714285715,0.954457159241197,1.0
Barber,175msw,0.885,-39.324483547619046,-11.055889309523812,1.0059571375722636,1.0
Barber,175msw,0.89,-39.320736999999994,-10.668360571428568,1.0510038742432135,1.0
Barber,175msw,0.895,-39.24019776190477,-10.202426452380953,1.0867621787341724,1.0
Barber,175msw,0.9,-39.11931857142857,-9.696779523809523,1.1615341948658375,1.0
Barber,175msw,0.905,-38.94984671428571,-9.066467809523807,1.260821800653517,1.0
Barber,175msw,0.91,-38.77430695238096,-8.377542999999996,1.367887420852141,1.0
Barber,175msw,0.915,-38.55474504761905,-7.541519714285711,1.4335011289523385,1.0
Barber,175msw,0.92,-38.34724152380952,-6.67306476190476,1.470760511464728,1.0
Barber,175msw,0.925,-38.109796547619034,-5.8067449999999985,1.416063290032818,1.0
Barber,175msw,0.93,-37.82809876190476,-4.949765857142855,1.3510877124195424,1.0
Barber,175msw,0.935,-37.41522833333333,-4.162108142857137,1.2662087479985287,1.0
Barber,175msw,0.9400000000000001,-36.97359704761904,-3.3932360952380853,1.1830702141653013,1.0
Barber,175msw,0.9450000000000001,-36.58397488095237,-2.702216714285703,1.1081019577483175,1.0
Barber,175msw,0.9500000000000001,-36.21939,-2.025462142857131,1.0346215206625198,1.0
Barber,175msw,0.9550000000000001,-35.74434454761904,-1.4201050476190362,0.9698510592096798,1.0
Barber,175msw,0.96,-35.253218095238104,-0.8251780952380973,0.9061645139580077,1.0
Barber,175msw,0.965,-34.68411652380953,-0.29505745238095427,0.8502930353712367,1.0
Barber,175msw,0.97,-34.0969150952381,0.2278127619047604,0.7953675845260786,1.0
Barber,175msw,0.975,-33.55607773809525,0.6911432142857139,0.7470226534064855,1.0
Barber,175msw,0.98,-33.02436447619048,1.1497662857142863,0.6995808821865207,1.0
Barber,175msw,0.985,-32.384940404761906,1.554079809523809,0.6580094959338043,1.0
Barber,175msw,0.99,-31.738929809523807,1.9557333809523794,0.6174519486297029,1.0
Barber,175msw,0.995,-31.259356500000006,2.3078393571428566,0.5824489891906772,1.0
Barber,175msw,1.0,-30.786971428571427,2.6589142857142853,0.5486387373141206,1.0
Barber,175msr,0.0,-26.787066666666664,3.9207825000000005,0.907968235825874,0.9
Barber,175msr,0.005,-26.757368874999997,3.9552233437499997,0.8373961575500117,0.9
Barber,175msr,0.01,-26.72720875,3.989604374999999,0.8102457040293298,0.9
Barber,175msr,0.015,-26.691459520833334,3.9998222249999995,0.8416650491833394,0.9
Barber,175msr,0.02,-26.647827166666662,3.998251949999999,0.9350242977335816,0.9
Barber,175msr,0.025,-26.59767947916667,3.9818428124999996,1.0580761611978744,0.9
Barber,175msr,0.03,-26.50543091666667,3.9710145374999986,1.1481834146041399,0.9
Barber,175msr,0.035,-26.423959354166666,3.951137662499999,1.2377765276747335,0.9
Barber,175msr,0.04,-26.323138333333333,3.9198619499999987,1.3234209144671916,0.9
Barber,175msr,0.045,-26.225144895833342,3.8882055187500004,1.3662236496279487,0.9
Barber,175msr,0.05,-26.130545,3.8396703750000007,1.4069325470787002,0.9
Barber,175msr,0.055,-26.03304710416667,3.7849425937499994,1.448666642750479,0.9
Barber,175msr,0.06,-25.922237249999995,3.7275194250000006,1.4923707436308027,0.9
Barber,175msr,0.065,-25.827838770833328,3.6633539812500002,1.5361070796992382,0.9
Barber,175msr,0.07,-25.720583916666666,3.6005890875000004,1.5840140116238235,0.9
Barber,175msr,0.075,-25.580523437499995,3.538967156249999,1.6269048076607335,0.9
Barber,175msr,0.08,-25.431918999999997,3.4763701499999997,1.6726839985083248,0.9
Barber,175msr,0.085,-25.263272229166663,3.4146647062500004,1.7105788733650988,0.9
Barber,175msr,0.09,-25.087707666666663,3.3530922375000003,1.7482175518907774,0.9
Barber,175msr,0.095,-24.845536874999997,3.2885738625,1.7790371023066223,0.9
Barber,175msr,0.1,-24.491196666666664,3.226389375,1.8061097143595637,0.9
Barber,175msr,0.105,-24.201136229166664,3.1612290375000014,1.8279422247601214,0.9
Barber,175msr,0.11,-24.00594570833334,3.0966716625,1.8451999611644272,0.9
Barber,175msr,0.115,-23.816728437500004,3.029409618750001,1.8560842632792924,0.9
Barber,175msr,0.12,-23.63241916666666,2.9617760999999994,1.8621455649594607,0.9
Barber,175msr,0.125,-23.50769583333333,2.891044687500001,1.862895885089633,0.9
Barber,175msr,0.13,-23.497299375,2.8130172750000004,1.8531600114353068,0.9
Barber,175msr,0.135,-23.485099125,2.701742381249999,1.8252123456361617,0.9
Barber,175msr,0.14,-23.34179333333334,2.5764363000000006,1.796401768927636,0.9
Barber,175msr,0.145,-23.126702145833335,2.4589150875,1.7762840178365724,0.9
Barber,175msr,0.15,-22.893703333333335,2.3401312500000007,1.7637264805341664,0.9
Barber,175msr,0.155,-22.602463249999996,2.22979996875,1.759357872695785,0.9
Barber,175msr,0.16,-22.295215666666664,2.1199900499999997,1.7599036514394013,0.9
Barber,175msr,0.165,-22.008292583333333,2.0067345374999994,1.7621182761481482,0.9
Barber,175msr,0.17,-21.714012374999996,1.88756925,1.7657885033634855,0.9
Barber,175msr,0.17500000000000002,-21.362062604166663,1.7544547499999996,1.7619704929846745,0.9
Barber,175msr,0.18,-20.82781966666667,1.6226481000000001,1.7695916450472549,0.9
Barber,175msr,0.185,-20.245182125,1.4940021375,1.7927646355751277,0.9
Barber,175msr,0.19,-19.748947833333336,1.3682759999999998,1.8202003510419316,0.9
Barber,175msr,0.195,-19.32234914583334,1.2490904250000001,1.8420575911925268,0.9
Barber,175msr,0.2,-18.912064999999995,1.1348452499999997,1.873831203209066,0.9
Barber,175msr,0.20500000000000002,-18.44196704166667,1.0610641687499993,1.7549692425016736,0.9
Barber,175msr,0.21,-17.92160429166667,0.9858607125000002,1.6288666422087816,0.9
Barber,175msr,0.215,-17.402645895833334,0.9162070687500001,1.5153361010464066,0.9
Barber,175msr,0.22,-16.911205416666665,0.851140125,1.4073398435848565,0.9
Barber,175msr,0.225,-16.428506041666665,0.7905857812499998,1.307301760124273,0.9
Barber,175msr,0.23,-15.98997904166666,0.7348099125,1.2156841825000226,0.9
Barber,175msr,0.23500000000000001,-15.450845458333333,0.6825269999999999,1.128305760211271,0.9
Barber,175msr,0.24,-14.859080999999998,0.6345094499999999,1.0498531207930364,0.9
Barber,175msr,0.245,-14.26708672916667,0.5893191375000001,0.9738477397012308,0.9
Barber,175msr,0.25,-13.72970520833333,0.5477831249999999,0.9065037856768631,0.9
Barber,175msr,0.255,-13.253961604166667,0.5090200875000002,0.8411820797676126,0.9
Barber,175msr,0.26,-12.691158500000006,0.47298344999999997,0.7825632563898317,0.9
Barber,175msr,0.265,-12.043620291666668,0.4398180562499999,0.7271162271020595,0.9
Barber,175msr,0.27,-11.422005874999996,0.4083103874999998,0.6754616671494678,0.9
Barber,175msr,0.275,-10.743179166666662,0.3800062499999998,0.6283926465294334,0.9
Barber,175msr,0.28,-10.084244166666663,0.35279204999999986,0.5832443082455391,0.9
Barber,175msr,0.28500000000000003,-9.537364062499995,0.3282822187499999,0.5429682060136397,0.9
Barber,175msr,0.29,-9.033335541666668,0.3050147250000001,0.5037999809722699,0.9
Barber,175msr,0.295,-8.45122316666667,0.2836338000000001,0.4690499038982833,0.9
Barber,175msr,0.3,-7.906832500000003,0.26388000000000006,0.4352745698352364,0.9
Barber,175msr,0.305,-7.403171854166671,0.24508771875000002,0.4050934748923489,0.9
Barber,175msr,0.31,-6.883147250000001,0.2281567125,0.37643493710057474,0.9
Barber,175msr,0.315,-6.358807687500001,0.21181072500000003,0.34979508397011616,0.9
Barber,175msr,0.32,-5.914509333333334,0.19880864999999998,0.3248257623154874,0.9
Barber,175msr,0.325,-5.517447708333335,0.18783628125000004,0.30082152027506376,0.9
Barber,175msr,0.33,-5.076844958333331,0.17846508749999998,0.2797609371553524,0.9
Barber,175msr,0.335,-4.597363874999998,0.16831049999999992,0.25897270085061075,0.9
Barber,175msr,0.34,-4.176284499999997,0.16338562499999998,0.23836047079063744,0.9
Barber,175msr,0.34500000000000003,-3.7863323958333317,0.16492762500000002,0.22338625606276533,0.9
Barber,175msr,0.35000000000000003,-3.4356360416666654,0.16725937500000004,0.221463946395027,0.9
Barber,175msr,0.355,-3.1506891250000018,0.17407096874999992,0.24078814248916494,0.9
Barber,175msr,0.36,-2.767812500000001,0.17791964999999996,0.2743892462646767,0.9
Barber,175msr,0.365,-2.2835298958333334,0.18070719375000002,0.31000069175801276,0.9
Barber,175msr,0.37,-1.8817769166666671,0.17866619999999997,0.32680748154835354,0.9
Barber,175msr,0.375,-1.628524479166667,0.17741671874999995,0.34554496892812375,0.9
Barber,175msr,0.38,-1.408716499999999,0.17165339999999998,0.3404659851805317,0.9
Barber,175msr,0.385,-1.162961041666666,0.16321005000000002,0.3238547352434384,0.9
Barber,175msr,0.39,-0.9288546666666667,0.1538427,0.3070986094249126,0.9
Barber,175msr,0.395,-0.7610403958333328,0.14441413124999997,0.2889074601908423,0.9
Barber,175msr,0.4,-0.6072824999999996,0.14732924999999997,0.2732980139736429,0.9
Barber,175msr,0.405,-0.4306290208333325,0.1534197375,0.27832652438614236,0.9
Barber,175msr,0.41000000000000003,-0.32334212499999976,0.14948051249999997,0.2802471913987786,0.9
Barber,175msr,0.41500000000000004,-0.24059999999999956,0.13515838124999996,0.29029981472925004,0.9
Barber,175msr,0.42,-0.20976425000000012,0.11119290000000022,0.3000846293606686,0.9
Barber,175msr,0.425,-0.22908031250000005,0.08864409375000001,0.3151830552981011,0.9
Barber,175msr,0.43,-0.22187054166666653,0.07371026249999992,0.3654725146662193,0.9
Barber,175msr,0.435,-0.17902812499999984,0.02876474999999995,0.48638235817543135,0.9
Barber,175msr,0.44,-0.1883798333333331,-0.07302524999999986,0.667470155902882,0.9
Barber,175msr,0.445,-0.2506725833333333,-0.182447325,0.8734154629321103,0.9
Barber,175msr,0.45,-0.3382597916666667,-0.28796156250000043,1.0763307652976755,0.9
Barber,175msr,0.455,-0.42532212500000055,-0.4129286812500007,1.2881862825250134,0.9
Barber,175msr,0.46,-0.5710250000000007,-0.5425785750000008,1.5138428073544954,0.9
Barber,175msr,0.465,-0.7576160000000011,-0.6673627125000009,1.7403423657769972,0.9
Barber,175msr,0.47000000000000003,-1.0309646666666685,-0.788758162500001,1.960943870382616,0.9
Barber,175msr,0.47500000000000003,-1.3424347916666688,-0.9164276250000009,2.1723478286326396,0.9
Barber,175msr,0.48,-1.628803999999999,-1.0521790499999994,2.3743381571635984,0.9
Barber,175msr,0.485,-1.9212851666666655,-1.1846428124999997,2.570765321397943,0.9
Barber,175msr,0.49,-2.154853416666666,-1.3171118249999996,2.754882267281861,0.9
Barber,175msr,0.495,-2.3817697499999997,-1.4638686562499998,2.9049324123502593,0.9
Barber,175msr,0.5,-2.6799625,-1.60957125,3.051507699938825,0.9
Barber,175msr,0.505,-3.0282529374999996,-1.7941975499999998,3.176263535763697,0.9
Barber,175msr,0.51,-3.4240607083333328,-1.9982621625,3.2906853425310816,0.9
Barber,175msr,0.515,-3.808156708333333,-2.2540741125000006,3.379911942868417,0.9
Barber,175msr,0.52,-4.2557655,-2.5386976500000005,3.455966070838447,0.9
Barber,175msr,0.525,-4.733025937500001,-2.8164277500000017,3.5391817097767992,0.9
Barber,175msr,0.53,-5.289231833333336,-3.134675887500002,3.5904951730519903,0.9
Barber,175msr,0.535,-5.796747916666671,-3.4498091062500014,3.6414149840287964,0.9
Barber,175msr,0.54,-6.352667583333337,-3.7623708000000007,3.695470755809908,0.9
Barber,175msr,0.545,-6.962505666666672,-4.059293625000003,3.754726620261862,0.9
Barber,175msr,0.55,-7.622636250000004,-4.365840000000003,3.797033144995339,0.9
Barber,175msr,0.555,-8.28368889583334,-4.664272762500003,3.840606370986093,0.9
Barber,175msr,0.56,-8.861189666666673,-4.952180250000005,3.8825070980634715,0.9
Barber,175msr,0.5650000000000001,-9.385160770833343,-5.239938656250005,3.9162443938872493,0.9
Barber,175msr,0.5700000000000001,-9.96278525000001,-5.514602700000005,3.9506629243793148,0.9
Barber,175msr,0.5750000000000001,-10.68092156250001,-5.791726218750005,3.9639812546836404,0.9
Barber,175msr,0.58,-11.447428583333332,-6.058981274999999,3.9790272004827654,0.9
Barber,175msr,0.585,-12.149408687499998,-6.321960974999999,3.9767059015904884,0.9
Barber,175msr,0.59,-12.889922041666663,-6.599723512499997,3.933767399786499,0.9
Barber,175msr,0.595,-13.664289958333327,-6.892273668749998,3.8425443423646053,0.9
Barber,175msr,0.6,-14.486216666666664,-7.179602999999998,3.733247870770705,0.9
Barber,175msr,0.605,-15.165648791666664,-7.456716806249999,3.6286497032088034,0.9
Barber,175msr,0.61,-15.807072958333329,-7.732266899999999,3.514298527497446,0.9
Barber,175msr,0.615,-16.502250145833333,-7.99670004375,3.3865841218369264,0.9
Barber,175msr,0.62,-17.201588166666664,-8.233544250000001,3.263860267196063,0.9
Barber,175msr,0.625,-17.86800208333333,-8.455981874999999,3.139807756084185,0.9
Barber,175msr,0.63,-18.548826583333334,-8.66527305,2.9969914909817903,0.9
Barber,175msr,0.635,-19.291792395833333,-8.863429856249999,2.8397298797385924,0.9
Barber,175msr,0.64,-20.087691333333336,-9.05278095,2.6921100826586417,0.9
Barber,175msr,0.645,-20.942001833333332,-9.233487393750002,2.5566137359599357,0.9
Barber,175msr,0.65,-21.891010208333338,-9.395838750000001,2.4151445261332842,0.9
Barber,175msr,0.655,-22.811736041666673,-9.540511893750002,2.277067969485107,0.9
Barber,175msr,0.66,-23.63160691666667,-9.677803575,2.143894156855335,0.9
Barber,175msr,0.665,-24.441000000000013,-9.801491887500005,2.0202575525723696,0.9
Barber,175msr,0.67,-25.37035604166667,-9.904359750000003,1.9042089935646427,0.9
Barber,175msr,0.675,-26.223815937500007,-10.004437312500002,1.7957317354689697,0.9
Barber,175msr,0.68,-26.851517333333337,-10.0785192,1.6904833894044615,0.9
Barber,175msr,0.685,-27.436091729166677,-10.133372100000003,1.5844059122175465,0.9
Barber,175msr,0.6900000000000001,-28.10960066666668,-10.1797144875,1.504531099041292,0.9
Barber,175msr,0.6950000000000001,-28.73320675000001,-10.2164044125,1.4382977711797749,0.9
Barber,175msr,0.7000000000000001,-29.198590416666672,-10.237576875,1.382012661875465,0.9
Barber,175msr,0.705,-29.587644374999996,-10.24442968125,1.3437476463361668,0.9
Barber,175msr,0.71,-30.09815604166666,-10.226660325000003,1.3372176623105467,0.9
Barber,175msr,0.715,-30.732691062499995,-10.195942856250001,1.3572135687644598,0.9
Barber,175msr,0.72,-31.358901,-10.155039450000002,1.3948682862592428,0.9
Barber,175msr,0.725,-31.888096979166658,-10.094037187500001,1.4697099621696557,0.9
Barber,175msr,0.73,-32.432974958333325,-10.012312125000003,1.5762051129317889,0.9
Barber,175msr,0.735,-32.96993558333334,-9.90332368125,1.7131397156672856,0.9
Barber,175msr,0.74,-33.43878708333333,-9.75514125,1.8848202713843931,0.9
Barber,175msr,0.745,-33.87150716666667,-9.56565256875,2.075683808072101,0.9
Barber,175msr,0.75,-34.32277604166667,-9.3553021875,2.2841935490450727,0.9
Barber,175msr,0.755,-34.723531625,-9.12377255625,2.5110441296235777,0.9
Barber,175msr,0.76,-34.94600249999999,-8.87816085,2.7566633378502328,0.9
Barber,175msr,0.765,-35.12586677083333,-8.627600962499999,3.0040410022347137,0.9
Barber,175msr,0.77,-35.34125291666666,-8.363853937499998,3.2377913725781893,0.9
Barber,175msr,0.775,-35.57086541666666,-8.06618803125,3.471488360575837,0.9
Barber,175msr,0.78,-35.73460583333333,-7.7469486000000005,3.6882680737650655,0.9
Barber,175msr,0.785,-35.765623749999996,-7.397699474999999,3.8985216851856332,0.9
Barber,175msr,0.79,-35.726398541666676,-7.034536649999997,4.101920818980359,0.9
Barber,175msr,0.795,-35.7171296875,-6.679619606249998,4.301840728551408,0.9
Barber,175msr,0.8,-35.75885833333333,-6.333832499999995,4.49619008869985,0.9
Barber,175msr,0.805,-35.8044315,-5.999631693749998,4.681813311782784,0.9
Barber,175msr,0.81,-35.82861670833333,-5.678469262499997,4.858659694037576,0.9
Barber,175msr,0.8150000000000001,-35.77229679166667,-5.368955849999997,5.022448588844268,0.9
Barber,175msr,0.8200000000000001,-35.66848649999999,-5.068471649999997,5.174224840348132,0.9
Barber,175msr,0.8250000000000001,-35.64993218749999,-4.773401999999997,5.304592421089146,0.9
Barber,175msr,0.8300000000000001,-35.63920758333333,-4.483766887499996,5.422242535862503,0.9
Barber,175msr,0.835,-35.52670908333333,-4.202448993750003,5.521820109616898,0.9
Barber,175msr,0.84,-35.3236835,-3.9268986000000017,5.610965984248317,0.9
Barber,175msr,0.845,-35.10043708333334,-3.660223406250002,5.682569072466066,0.9
Barber,175msr,0.85,-34.898028125,-3.395860125,5.744498345253899,0.9
Barber,175msr,0.855,-34.65786964583334,-3.1417199062500005,5.790579534987599,0.9
Barber,175msr,0.86,-34.35251708333334,-2.8981428,5.831534583489307,0.9
Barber,175msr,0.865,-34.0427833125,-2.6493525000000004,5.84645685220831,0.9
Barber,175msr,0.87,-33.71593570833334,-2.390971837500001,5.839545252021729,0.9
Barber,175msr,0.875,-33.381402604166674,-2.1207628125,5.806225007911457,0.9
Barber,175msr,0.88,-33.09148883333333,-1.8173071499999995,5.720783320248956,0.9
Barber,175msr,0.885,-32.870234312499996,-1.4726812124999986,5.57356756656079,0.9
Barber,175msr,0.89,-32.687039750000004,-1.117456874999999,5.400061878432788,0.9
Barber,175msr,0.895,-32.5449545,-0.7675349249999988,5.2162606087631485,0.9
Barber,175msr,0.9,-32.34007874999998,-0.4191854999999977,5.012154963332587,0.9
Barber,175msr,0.905,-32.0817376875,-0.060368081249997166,4.77726361299666,0.9
Barber,175msr,0.91,-31.853090666666663,0.28594110000000317,4.54178576003414,0.9
Barber,175msr,0.915,-31.564850395833332,0.6232050562500026,4.28986043665866,0.9
Barber,175msr,0.92,-31.232301999999994,0.9500239500000021,4.044663105038412,0.9
Barber,175msr,0.925,-30.903483541666663,1.2376230000000021,3.8213334865419486,0.9
Barber,175msr,0.93,-30.579967083333326,1.5185520750000028,3.6019518380787203,0.9
Barber,175msr,0.935,-30.29272795833333,1.7784845812500032,3.377631309788964,0.9
Barber,175msr,0.9400000000000001,-30.058506416666663,2.0233380000000034,3.164284458120539,0.9
Barber,175msr,0.9450000000000001,-29.851831229166667,2.2532958375000027,2.9512936498726288,0.9
Barber,175msr,0.9500000000000001,-29.637545208333325,2.461947562500003,2.753090267695686,0.9
Barber,175msr,0.9550000000000001,-29.433388812499988,2.658775856250003,2.5558087841519113,0.9
Barber,175msr,0.96,-29.201189333333332,2.8396456499999982,2.36881599764043,0.9
Barber,175msr,0.965,-28.9390714375,3.005712824999999,2.1868623956658295,0.9
Barber,175msr,0.97,-28.629158625000002,3.1570746749999987,2.0145227563126307,0.9
Barber,175msr,0.975,-28.340501875,3.297659343749999,1.84368558606378,0.9
Barber,175msr,0.98,-28.066766416666667,3.4235811749999994,1.6848764243043954,0.9
Barber,175msr,0.985,-27.774188354166665,3.53870983125,1.5279075638089978,0.9
Barber,175msr,0.99,-27.496598375,3.6436593000000013,1.380796704712716,0.9
Barber,175msr,0.995,-27.313993750000005,3.7278502687499997,1.2420879870938952,0.9
Barber,175msr,1.0,-27.131533333333337,3.8120062499999996,1.1108243655494945,0.9
